competition,date,home_team,away_team,status,score_home,score_away
PL,2023-08-11T19:00:00Z,Burnley FC,Manchester City FC,FINISHED,0,3
PL,2023-08-12T12:00:00Z,Arsenal FC,Nottingham Forest FC,FINISHED,2,1
PL,2023-08-12T14:00:00Z,AFC Bournemouth,West Ham United FC,FINISHED,1,1
PL,2023-08-12T14:00:00Z,Brighton & Hove Albion FC,Luton Town FC,FINISHED,4,1
PL,2023-08-12T14:00:00Z,Everton FC,Fulham FC,FINISHED,0,1
PL,2023-08-12T14:00:00Z,Sheffield United FC,Crystal Palace FC,FINISHED,0,1
PL,2023-08-12T16:30:00Z,Newcastle United FC,Aston Villa FC,FINISHED,5,1
PL,2023-08-13T13:00:00Z,Brentford FC,Tottenham Hotspur FC,FINISHED,2,2
PL,2023-08-13T15:30:00Z,Chelsea FC,Liverpool FC,FINISHED,1,1
PL,2023-08-14T19:00:00Z,Manchester United FC,Wolverhampton Wanderers FC,FINISHED,1,0
PL,2023-08-18T18:45:00Z,Nottingham Forest FC,Sheffield United FC,FINISHED,2,1
PL,2023-08-19T14:00:00Z,Fulham FC,Brentford FC,FINISHED,0,3
PL,2023-08-19T14:00:00Z,Liverpool FC,AFC Bournemouth,FINISHED,3,1
PL,2023-08-19T14:00:00Z,Wolverhampton Wanderers FC,Brighton & Hove Albion FC,FINISHED,1,4
PL,2023-08-19T16:30:00Z,Tottenham Hotspur FC,Manchester United FC,FINISHED,2,0
PL,2023-08-19T19:00:00Z,Manchester City FC,Newcastle United FC,FINISHED,1,0
PL,2023-08-20T13:00:00Z,Aston Villa FC,Everton FC,FINISHED,4,0
PL,2023-08-20T15:30:00Z,West Ham United FC,Chelsea FC,FINISHED,3,1
PL,2023-08-21T19:00:00Z,Crystal Palace FC,Arsenal FC,FINISHED,0,1
PL,2023-08-25T19:00:00Z,Chelsea FC,Luton Town FC,FINISHED,3,0
PL,2023-08-26T11:30:00Z,AFC Bournemouth,Tottenham Hotspur FC,FINISHED,0,2
PL,2023-08-26T14:00:00Z,Everton FC,Wolverhampton Wanderers FC,FINISHED,0,1
PL,2023-08-26T14:00:00Z,Manchester United FC,Nottingham Forest FC,FINISHED,3,2
PL,2023-08-26T14:00:00Z,Arsenal FC,Fulham FC,FINISHED,2,2
PL,2023-08-26T14:00:00Z,Brentford FC,Crystal Palace FC,FINISHED,1,1
PL,2023-08-26T16:30:00Z,Brighton & Hove Albion FC,West Ham United FC,FINISHED,1,3
PL,2023-08-27T13:00:00Z,Sheffield United FC,Manchester City FC,FINISHED,1,2
PL,2023-08-27T13:00:00Z,Burnley FC,Aston Villa FC,FINISHED,1,3
PL,2023-08-27T15:30:00Z,Newcastle United FC,Liverpool FC,FINISHED,1,2
PL,2023-09-01T19:00:00Z,Luton Town FC,West Ham United FC,FINISHED,1,2
PL,2023-09-02T11:30:00Z,Sheffield United FC,Everton FC,FINISHED,2,2
PL,2023-09-02T14:00:00Z,Brentford FC,AFC Bournemouth,FINISHED,2,2
PL,2023-09-02T14:00:00Z,Burnley FC,Tottenham Hotspur FC,FINISHED,2,5
PL,2023-09-02T14:00:00Z,Chelsea FC,Nottingham Forest FC,FINISHED,0,1
PL,2023-09-02T14:00:00Z,Manchester City FC,Fulham FC,FINISHED,5,1
PL,2023-09-02T16:30:00Z,Brighton & Hove Albion FC,Newcastle United FC,FINISHED,3,1
PL,2023-09-03T13:00:00Z,Crystal Palace FC,Wolverhampton Wanderers FC,FINISHED,3,2
PL,2023-09-03T13:00:00Z,Liverpool FC,Aston Villa FC,FINISHED,3,0
PL,2023-09-03T15:30:00Z,Arsenal FC,Manchester United FC,FINISHED,3,1
PL,2023-09-16T11:30:00Z,Wolverhampton Wanderers FC,Liverpool FC,FINISHED,1,3
PL,2023-09-16T14:00:00Z,Aston Villa FC,Crystal Palace FC,FINISHED,3,1
PL,2023-09-16T14:00:00Z,Fulham FC,Luton Town FC,FINISHED,1,0
PL,2023-09-16T14:00:00Z,Manchester United FC,Brighton & Hove Albion FC,FINISHED,1,3
PL,2023-09-16T14:00:00Z,Tottenham Hotspur FC,Sheffield United FC,FINISHED,2,1
PL,2023-09-16T14:00:00Z,West Ham United FC,Manchester City FC,FINISHED,1,3
PL,2023-09-16T16:30:00Z,Newcastle United FC,Brentford FC,FINISHED,1,0
PL,2023-09-17T13:00:00Z,AFC Bournemouth,Chelsea FC,FINISHED,0,0
PL,2023-09-17T15:30:00Z,Everton FC,Arsenal FC,FINISHED,0,1
PL,2023-09-18T18:45:00Z,Nottingham Forest FC,Burnley FC,FINISHED,1,1
PL,2023-09-23T14:00:00Z,Crystal Palace FC,Fulham FC,FINISHED,0,0
PL,2023-09-23T14:00:00Z,Luton Town FC,Wolverhampton Wanderers FC,FINISHED,1,1
PL,2023-09-23T14:00:00Z,Manchester City FC,Nottingham Forest FC,FINISHED,2,0
PL,2023-09-23T16:30:00Z,Brentford FC,Everton FC,FINISHED,1,3
PL,2023-09-23T19:00:00Z,Burnley FC,Manchester United FC,FINISHED,0,1
PL,2023-09-24T13:00:00Z,Arsenal FC,Tottenham Hotspur FC,FINISHED,2,2
PL,2023-09-24T13:00:00Z,Brighton & Hove Albion FC,AFC Bournemouth,FINISHED,3,1
PL,2023-09-24T13:00:00Z,Chelsea FC,Aston Villa FC,FINISHED,0,1
PL,2023-09-24T13:00:00Z,Liverpool FC,West Ham United FC,FINISHED,3,1
PL,2023-09-24T15:30:00Z,Sheffield United FC,Newcastle United FC,FINISHED,0,8
PL,2023-09-30T11:30:00Z,Aston Villa FC,Brighton & Hove Albion FC,FINISHED,6,1
PL,2023-09-30T14:00:00Z,AFC Bournemouth,Arsenal FC,FINISHED,0,4
PL,2023-09-30T14:00:00Z,Everton FC,Luton Town FC,FINISHED,1,2
PL,2023-09-30T14:00:00Z,Manchester United FC,Crystal Palace FC,FINISHED,0,1
PL,2023-09-30T14:00:00Z,Newcastle United FC,Burnley FC,FINISHED,2,0
PL,2023-09-30T14:00:00Z,West Ham United FC,Sheffield United FC,FINISHED,2,0
PL,2023-09-30T14:00:00Z,Wolverhampton Wanderers FC,Manchester City FC,FINISHED,2,1
PL,2023-09-30T16:30:00Z,Tottenham Hotspur FC,Liverpool FC,FINISHED,2,1
PL,2023-10-01T13:00:00Z,Nottingham Forest FC,Brentford FC,FINISHED,1,1
PL,2023-10-02T19:00:00Z,Fulham FC,Chelsea FC,FINISHED,0,2
PL,2023-10-03T18:30:00Z,Luton Town FC,Burnley FC,FINISHED,1,2
PL,2023-10-07T11:30:00Z,Luton Town FC,Tottenham Hotspur FC,FINISHED,0,1
PL,2023-10-07T14:00:00Z,Burnley FC,Chelsea FC,FINISHED,1,4
PL,2023-10-07T14:00:00Z,Everton FC,AFC Bournemouth,FINISHED,3,0
PL,2023-10-07T14:00:00Z,Fulham FC,Sheffield United FC,FINISHED,3,1
PL,2023-10-07T14:00:00Z,Manchester United FC,Brentford FC,FINISHED,2,1
PL,2023-10-07T16:30:00Z,Crystal Palace FC,Nottingham Forest FC,FINISHED,0,0
PL,2023-10-08T13:00:00Z,Brighton & Hove Albion FC,Liverpool FC,FINISHED,2,2
PL,2023-10-08T13:00:00Z,West Ham United FC,Newcastle United FC,FINISHED,2,2
PL,2023-10-08T13:00:00Z,Wolverhampton Wanderers FC,Aston Villa FC,FINISHED,1,1
PL,2023-10-08T15:30:00Z,Arsenal FC,Manchester City FC,FINISHED,1,0
PL,2023-10-21T11:30:00Z,Liverpool FC,Everton FC,FINISHED,2,0
PL,2023-10-21T14:00:00Z,AFC Bournemouth,Wolverhampton Wanderers FC,FINISHED,1,2
PL,2023-10-21T14:00:00Z,Brentford FC,Burnley FC,FINISHED,3,0
PL,2023-10-21T14:00:00Z,Manchester City FC,Brighton & Hove Albion FC,FINISHED,2,1
PL,2023-10-21T14:00:00Z,Newcastle United FC,Crystal Palace FC,FINISHED,4,0
PL,2023-10-21T14:00:00Z,Nottingham Forest FC,Luton Town FC,FINISHED,2,2
PL,2023-10-21T16:30:00Z,Chelsea FC,Arsenal FC,FINISHED,2,2
PL,2023-10-21T19:00:00Z,Sheffield United FC,Manchester United FC,FINISHED,1,2
PL,2023-10-22T15:30:00Z,Aston Villa FC,West Ham United FC,FINISHED,4,1
PL,2023-10-23T19:00:00Z,Tottenham Hotspur FC,Fulham FC,FINISHED,2,0
PL,2023-10-27T19:00:00Z,Crystal Palace FC,Tottenham Hotspur FC,FINISHED,1,2
PL,2023-10-28T11:30:00Z,Chelsea FC,Brentford FC,FINISHED,0,2
PL,2023-10-28T14:00:00Z,AFC Bournemouth,Burnley FC,FINISHED,2,1
PL,2023-10-28T14:00:00Z,Arsenal FC,Sheffield United FC,FINISHED,5,0
PL,2023-10-28T16:30:00Z,Wolverhampton Wanderers FC,Newcastle United FC,FINISHED,2,2
PL,2023-10-29T13:00:00Z,West Ham United FC,Everton FC,FINISHED,0,1
PL,2023-10-29T14:00:00Z,Aston Villa FC,Luton Town FC,FINISHED,3,1
PL,2023-10-29T14:00:00Z,Brighton & Hove Albion FC,Fulham FC,FINISHED,1,1
PL,2023-10-29T14:00:00Z,Liverpool FC,Nottingham Forest FC,FINISHED,3,0
PL,2023-10-29T15:30:00Z,Manchester United FC,Manchester City FC,FINISHED,0,3
PL,2023-11-04T12:30:00Z,Fulham FC,Manchester United FC,FINISHED,0,1
PL,2023-11-04T15:00:00Z,Brentford FC,West Ham United FC,FINISHED,3,2
PL,2023-11-04T15:00:00Z,Burnley FC,Crystal Palace FC,FINISHED,0,2
PL,2023-11-04T15:00:00Z,Everton FC,Brighton & Hove Albion FC,FINISHED,1,1
PL,2023-11-04T15:00:00Z,Manchester City FC,AFC Bournemouth,FINISHED,6,1
PL,2023-11-04T15:00:00Z,Sheffield United FC,Wolverhampton Wanderers FC,FINISHED,2,1
PL,2023-11-04T17:30:00Z,Newcastle United FC,Arsenal FC,FINISHED,1,0
PL,2023-11-05T14:00:00Z,Nottingham Forest FC,Aston Villa FC,FINISHED,2,0
PL,2023-11-05T16:30:00Z,Luton Town FC,Liverpool FC,FINISHED,1,1
PL,2023-11-06T20:00:00Z,Tottenham Hotspur FC,Chelsea FC,FINISHED,1,4
PL,2023-11-11T12:30:00Z,Wolverhampton Wanderers FC,Tottenham Hotspur FC,FINISHED,2,1
PL,2023-11-11T15:00:00Z,Arsenal FC,Burnley FC,FINISHED,3,1
PL,2023-11-11T15:00:00Z,Crystal Palace FC,Everton FC,FINISHED,2,3
PL,2023-11-11T15:00:00Z,Manchester United FC,Luton Town FC,FINISHED,1,0
PL,2023-11-11T17:30:00Z,AFC Bournemouth,Newcastle United FC,FINISHED,2,0
PL,2023-11-12T14:00:00Z,Aston Villa FC,Fulham FC,FINISHED,3,1
PL,2023-11-12T14:00:00Z,Brighton & Hove Albion FC,Sheffield United FC,FINISHED,1,1
PL,2023-11-12T14:00:00Z,Liverpool FC,Brentford FC,FINISHED,3,0
PL,2023-11-12T14:00:00Z,West Ham United FC,Nottingham Forest FC,FINISHED,3,2
PL,2023-11-12T16:30:00Z,Chelsea FC,Manchester City FC,FINISHED,4,4
PL,2023-11-25T12:30:00Z,Manchester City FC,Liverpool FC,FINISHED,1,1
PL,2023-11-25T15:00:00Z,Burnley FC,West Ham United FC,FINISHED,1,2
PL,2023-11-25T15:00:00Z,Luton Town FC,Crystal Palace FC,FINISHED,2,1
PL,2023-11-25T15:00:00Z,Newcastle United FC,Chelsea FC,FINISHED,4,1
PL,2023-11-25T15:00:00Z,Nottingham Forest FC,Brighton & Hove Albion FC,FINISHED,2,3
PL,2023-11-25T15:00:00Z,Sheffield United FC,AFC Bournemouth,FINISHED,1,3
PL,2023-11-25T17:30:00Z,Brentford FC,Arsenal FC,FINISHED,0,1
PL,2023-11-26T14:00:00Z,Tottenham Hotspur FC,Aston Villa FC,FINISHED,1,2
PL,2023-11-26T16:30:00Z,Everton FC,Manchester United FC,FINISHED,0,3
PL,2023-11-27T20:00:00Z,Fulham FC,Wolverhampton Wanderers FC,FINISHED,3,2
PL,2023-12-02T15:00:00Z,Arsenal FC,Wolverhampton Wanderers FC,FINISHED,2,1
PL,2023-12-02T15:00:00Z,Brentford FC,Luton Town FC,FINISHED,3,1
PL,2023-12-02T15:00:00Z,Burnley FC,Sheffield United FC,FINISHED,5,0
PL,2023-12-02T17:30:00Z,Nottingham Forest FC,Everton FC,FINISHED,0,1
PL,2023-12-02T20:00:00Z,Newcastle United FC,Manchester United FC,FINISHED,1,0
PL,2023-12-03T14:00:00Z,AFC Bournemouth,Aston Villa FC,FINISHED,2,2
PL,2023-12-03T14:00:00Z,Chelsea FC,Brighton & Hove Albion FC,FINISHED,3,2
PL,2023-12-03T14:00:00Z,Liverpool FC,Fulham FC,FINISHED,4,3
PL,2023-12-03T14:00:00Z,West Ham United FC,Crystal Palace FC,FINISHED,1,1
PL,2023-12-03T16:30:00Z,Manchester City FC,Tottenham Hotspur FC,FINISHED,3,3
PL,2023-12-05T19:30:00Z,Wolverhampton Wanderers FC,Burnley FC,FINISHED,1,0
PL,2023-12-05T20:15:00Z,Luton Town FC,Arsenal FC,FINISHED,3,4
PL,2023-12-06T19:30:00Z,Brighton & Hove Albion FC,Brentford FC,FINISHED,2,1
PL,2023-12-06T19:30:00Z,Fulham FC,Nottingham Forest FC,FINISHED,5,0
PL,2023-12-06T19:30:00Z,Sheffield United FC,Liverpool FC,FINISHED,0,2
PL,2023-12-06T19:30:00Z,Crystal Palace FC,AFC Bournemouth,FINISHED,0,2
PL,2023-12-06T20:15:00Z,Aston Villa FC,Manchester City FC,FINISHED,1,0
PL,2023-12-06T20:15:00Z,Manchester United FC,Chelsea FC,FINISHED,2,1
PL,2023-12-07T19:30:00Z,Everton FC,Newcastle United FC,FINISHED,3,0
PL,2023-12-07T20:15:00Z,Tottenham Hotspur FC,West Ham United FC,FINISHED,1,2
PL,2023-12-09T12:30:00Z,Crystal Palace FC,Liverpool FC,FINISHED,1,2
PL,2023-12-09T15:00:00Z,Brighton & Hove Albion FC,Burnley FC,FINISHED,1,1
PL,2023-12-09T15:00:00Z,Manchester United FC,AFC Bournemouth,FINISHED,0,3
PL,2023-12-09T15:00:00Z,Sheffield United FC,Brentford FC,FINISHED,1,0
PL,2023-12-09T15:00:00Z,Wolverhampton Wanderers FC,Nottingham Forest FC,FINISHED,1,1
PL,2023-12-09T17:30:00Z,Aston Villa FC,Arsenal FC,FINISHED,1,0
PL,2023-12-10T14:00:00Z,Everton FC,Chelsea FC,FINISHED,2,0
PL,2023-12-10T14:00:00Z,Fulham FC,West Ham United FC,FINISHED,5,0
PL,2023-12-10T14:00:00Z,Luton Town FC,Manchester City FC,FINISHED,1,2
PL,2023-12-10T16:30:00Z,Tottenham Hotspur FC,Newcastle United FC,FINISHED,4,1
PL,2023-12-15T20:00:00Z,Nottingham Forest FC,Tottenham Hotspur FC,FINISHED,0,2
PL,2023-12-16T15:00:00Z,Chelsea FC,Sheffield United FC,FINISHED,2,0
PL,2023-12-16T15:00:00Z,Manchester City FC,Crystal Palace FC,FINISHED,2,2
PL,2023-12-16T15:00:00Z,Newcastle United FC,Fulham FC,FINISHED,3,0
PL,2023-12-16T17:30:00Z,Burnley FC,Everton FC,FINISHED,0,2
PL,2023-12-17T14:00:00Z,Arsenal FC,Brighton & Hove Albion FC,FINISHED,2,0
PL,2023-12-17T14:00:00Z,Brentford FC,Aston Villa FC,FINISHED,1,2
PL,2023-12-17T14:00:00Z,West Ham United FC,Wolverhampton Wanderers FC,FINISHED,3,0
PL,2023-12-17T16:30:00Z,Liverpool FC,Manchester United FC,FINISHED,0,0
PL,2023-12-21T20:00:00Z,Crystal Palace FC,Brighton & Hove Albion FC,FINISHED,1,1
PL,2023-12-22T20:00:00Z,Aston Villa FC,Sheffield United FC,FINISHED,1,1
PL,2023-12-23T12:30:00Z,West Ham United FC,Manchester United FC,FINISHED,2,0
PL,2023-12-23T15:00:00Z,Fulham FC,Burnley FC,FINISHED,0,2
PL,2023-12-23T15:00:00Z,Luton Town FC,Newcastle United FC,FINISHED,1,0
PL,2023-12-23T15:00:00Z,Nottingham Forest FC,AFC Bournemouth,FINISHED,2,3
PL,2023-12-23T15:00:00Z,Tottenham Hotspur FC,Everton FC,FINISHED,2,1
PL,2023-12-23T17:30:00Z,Liverpool FC,Arsenal FC,FINISHED,1,1
PL,2023-12-24T13:00:00Z,Wolverhampton Wanderers FC,Chelsea FC,FINISHED,2,1
PL,2023-12-26T12:30:00Z,Newcastle United FC,Nottingham Forest FC,FINISHED,1,3
PL,2023-12-26T15:00:00Z,AFC Bournemouth,Fulham FC,FINISHED,3,0
PL,2023-12-26T15:00:00Z,Sheffield United FC,Luton Town FC,FINISHED,2,3
PL,2023-12-26T17:30:00Z,Burnley FC,Liverpool FC,FINISHED,0,2
PL,2023-12-26T20:00:00Z,Manchester United FC,Aston Villa FC,FINISHED,3,2
PL,2023-12-27T19:30:00Z,Brentford FC,Wolverhampton Wanderers FC,FINISHED,1,4
PL,2023-12-27T19:30:00Z,Chelsea FC,Crystal Palace FC,FINISHED,2,1
PL,2023-12-27T20:15:00Z,Everton FC,Manchester City FC,FINISHED,1,3
PL,2023-12-28T19:30:00Z,Brighton & Hove Albion FC,Tottenham Hotspur FC,FINISHED,4,2
PL,2023-12-28T20:15:00Z,Arsenal FC,West Ham United FC,FINISHED,0,2
PL,2023-12-30T12:30:00Z,Luton Town FC,Chelsea FC,FINISHED,2,3
PL,2023-12-30T15:00:00Z,Aston Villa FC,Burnley FC,FINISHED,3,2
PL,2023-12-30T15:00:00Z,Crystal Palace FC,Brentford FC,FINISHED,3,1
PL,2023-12-30T15:00:00Z,Manchester City FC,Sheffield United FC,FINISHED,2,0
PL,2023-12-30T15:00:00Z,Wolverhampton Wanderers FC,Everton FC,FINISHED,3,0
PL,2023-12-30T17:30:00Z,Nottingham Forest FC,Manchester United FC,FINISHED,2,1
PL,2023-12-31T14:00:00Z,Fulham FC,Arsenal FC,FINISHED,2,1
PL,2023-12-31T14:00:00Z,Tottenham Hotspur FC,AFC Bournemouth,FINISHED,3,1
PL,2024-01-01T20:00:00Z,Liverpool FC,Newcastle United FC,FINISHED,4,2
PL,2024-01-02T19:30:00Z,West Ham United FC,Brighton & Hove Albion FC,FINISHED,0,0
PL,2024-01-12T19:45:00Z,Burnley FC,Luton Town FC,FINISHED,1,1
PL,2024-01-13T12:30:00Z,Chelsea FC,Fulham FC,FINISHED,1,0
PL,2024-01-13T17:30:00Z,Newcastle United FC,Manchester City FC,FINISHED,2,3
PL,2024-01-14T14:00:00Z,Everton FC,Aston Villa FC,FINISHED,0,0
PL,2024-01-14T16:30:00Z,Manchester United FC,Tottenham Hotspur FC,FINISHED,2,2
PL,2024-01-20T12:30:00Z,Arsenal FC,Crystal Palace FC,FINISHED,5,0
PL,2024-01-20T17:30:00Z,Brentford FC,Nottingham Forest FC,FINISHED,3,2
PL,2024-01-21T14:00:00Z,Sheffield United FC,West Ham United FC,FINISHED,2,2
PL,2024-01-21T16:30:00Z,AFC Bournemouth,Liverpool FC,FINISHED,0,4
PL,2024-01-22T19:45:00Z,Brighton & Hove Albion FC,Wolverhampton Wanderers FC,FINISHED,0,0
PL,2024-01-30T19:30:00Z,Nottingham Forest FC,Arsenal FC,FINISHED,1,2
PL,2024-01-30T19:45:00Z,Luton Town FC,Brighton & Hove Albion FC,FINISHED,4,0
PL,2024-01-30T19:45:00Z,Fulham FC,Everton FC,FINISHED,0,0
PL,2024-01-30T20:00:00Z,Crystal Palace FC,Sheffield United FC,FINISHED,3,2
PL,2024-01-30T20:15:00Z,Aston Villa FC,Newcastle United FC,FINISHED,1,3
PL,2024-01-31T19:30:00Z,Tottenham Hotspur FC,Brentford FC,FINISHED,3,2
PL,2024-01-31T19:30:00Z,Manchester City FC,Burnley FC,FINISHED,3,1
PL,2024-01-31T20:15:00Z,Liverpool FC,Chelsea FC,FINISHED,4,1
PL,2024-02-01T19:30:00Z,West Ham United FC,AFC Bournemouth,FINISHED,1,1
PL,2024-02-01T20:15:00Z,Wolverhampton Wanderers FC,Manchester United FC,FINISHED,3,4
PL,2024-02-03T12:30:00Z,Everton FC,Tottenham Hotspur FC,FINISHED,2,2
PL,2024-02-03T15:00:00Z,Brighton & Hove Albion FC,Crystal Palace FC,FINISHED,4,1
PL,2024-02-03T15:00:00Z,Burnley FC,Fulham FC,FINISHED,2,2
PL,2024-02-03T15:00:00Z,Newcastle United FC,Luton Town FC,FINISHED,4,4
PL,2024-02-03T17:30:00Z,Sheffield United FC,Aston Villa FC,FINISHED,0,5
PL,2024-02-04T14:00:00Z,AFC Bournemouth,Nottingham Forest FC,FINISHED,1,1
PL,2024-02-04T14:00:00Z,Chelsea FC,Wolverhampton Wanderers FC,FINISHED,2,4
PL,2024-02-04T14:00:00Z,Manchester United FC,West Ham United FC,FINISHED,3,0
PL,2024-02-04T16:30:00Z,Arsenal FC,Liverpool FC,FINISHED,3,1
PL,2024-02-05T20:00:00Z,Brentford FC,Manchester City FC,FINISHED,1,3
PL,2024-02-10T12:30:00Z,Manchester City FC,Everton FC,FINISHED,2,0
PL,2024-02-10T15:00:00Z,Fulham FC,AFC Bournemouth,FINISHED,3,1
PL,2024-02-10T15:00:00Z,Liverpool FC,Burnley FC,FINISHED,3,1
PL,2024-02-10T15:00:00Z,Luton Town FC,Sheffield United FC,FINISHED,1,3
PL,2024-02-10T15:00:00Z,Tottenham Hotspur FC,Brighton & Hove Albion FC,FINISHED,2,1
PL,2024-02-10T15:00:00Z,Wolverhampton Wanderers FC,Brentford FC,FINISHED,0,2
PL,2024-02-10T17:30:00Z,Nottingham Forest FC,Newcastle United FC,FINISHED,2,3
PL,2024-02-11T14:00:00Z,West Ham United FC,Arsenal FC,FINISHED,0,6
PL,2024-02-11T16:30:00Z,Aston Villa FC,Manchester United FC,FINISHED,1,2
PL,2024-02-12T20:00:00Z,Crystal Palace FC,Chelsea FC,FINISHED,1,3
PL,2024-02-17T12:30:00Z,Brentford FC,Liverpool FC,FINISHED,1,4
PL,2024-02-17T15:00:00Z,Burnley FC,Arsenal FC,FINISHED,0,5
PL,2024-02-17T15:00:00Z,Fulham FC,Aston Villa FC,FINISHED,1,2
PL,2024-02-17T15:00:00Z,Newcastle United FC,AFC Bournemouth,FINISHED,2,2
PL,2024-02-17T15:00:00Z,Nottingham Forest FC,West Ham United FC,FINISHED,2,0
PL,2024-02-17T15:00:00Z,Tottenham Hotspur FC,Wolverhampton Wanderers FC,FINISHED,1,2
PL,2024-02-17T17:30:00Z,Manchester City FC,Chelsea FC,FINISHED,1,1
PL,2024-02-18T14:00:00Z,Sheffield United FC,Brighton & Hove Albion FC,FINISHED,0,5
PL,2024-02-18T16:30:00Z,Luton Town FC,Manchester United FC,FINISHED,1,2
PL,2024-02-19T20:00:00Z,Everton FC,Crystal Palace FC,FINISHED,1,1
PL,2024-02-20T19:30:00Z,Manchester City FC,Brentford FC,FINISHED,1,0
PL,2024-02-21T19:30:00Z,Liverpool FC,Luton Town FC,FINISHED,4,1
PL,2024-02-24T15:00:00Z,Aston Villa FC,Nottingham Forest FC,FINISHED,4,2
PL,2024-02-24T15:00:00Z,Brighton & Hove Albion FC,Everton FC,FINISHED,1,1
PL,2024-02-24T15:00:00Z,Crystal Palace FC,Burnley FC,FINISHED,3,0
PL,2024-02-24T15:00:00Z,Manchester United FC,Fulham FC,FINISHED,1,2
PL,2024-02-24T17:30:00Z,AFC Bournemouth,Manchester City FC,FINISHED,0,1
PL,2024-02-24T20:00:00Z,Arsenal FC,Newcastle United FC,FINISHED,4,1
PL,2024-02-25T13:30:00Z,Wolverhampton Wanderers FC,Sheffield United FC,FINISHED,1,0
PL,2024-02-26T20:00:00Z,West Ham United FC,Brentford FC,FINISHED,4,2
PL,2024-03-02T15:00:00Z,Brentford FC,Chelsea FC,FINISHED,2,2
PL,2024-03-02T15:00:00Z,Everton FC,West Ham United FC,FINISHED,1,3
PL,2024-03-02T15:00:00Z,Fulham FC,Brighton & Hove Albion FC,FINISHED,3,0
PL,2024-03-02T15:00:00Z,Newcastle United FC,Wolverhampton Wanderers FC,FINISHED,3,0
PL,2024-03-02T15:00:00Z,Nottingham Forest FC,Liverpool FC,FINISHED,0,1
PL,2024-03-02T15:00:00Z,Tottenham Hotspur FC,Crystal Palace FC,FINISHED,3,1
PL,2024-03-02T17:30:00Z,Luton Town FC,Aston Villa FC,FINISHED,2,3
PL,2024-03-03T13:00:00Z,Burnley FC,AFC Bournemouth,FINISHED,0,2
PL,2024-03-03T15:30:00Z,Manchester City FC,Manchester United FC,FINISHED,3,1
PL,2024-03-04T20:00:00Z,Sheffield United FC,Arsenal FC,FINISHED,0,6
PL,2024-03-09T12:30:00Z,Manchester United FC,Everton FC,FINISHED,2,0
PL,2024-03-09T15:00:00Z,AFC Bournemouth,Sheffield United FC,FINISHED,2,2
PL,2024-03-09T15:00:00Z,Crystal Palace FC,Luton Town FC,FINISHED,1,1
PL,2024-03-09T15:00:00Z,Wolverhampton Wanderers FC,Fulham FC,FINISHED,2,1
PL,2024-03-09T17:30:00Z,Arsenal FC,Brentford FC,FINISHED,2,1
PL,2024-03-10T13:00:00Z,Aston Villa FC,Tottenham Hotspur FC,FINISHED,0,4
PL,2024-03-10T14:00:00Z,Brighton & Hove Albion FC,Nottingham Forest FC,FINISHED,1,0
PL,2024-03-10T14:00:00Z,West Ham United FC,Burnley FC,FINISHED,2,2
PL,2024-03-10T15:45:00Z,Liverpool FC,Manchester City FC,FINISHED,1,1
PL,2024-03-11T20:00:00Z,Chelsea FC,Newcastle United FC,FINISHED,3,2
PL,2024-03-13T19:30:00Z,AFC Bournemouth,Luton Town FC,FINISHED,4,3
PL,2024-03-16T15:00:00Z,Burnley FC,Brentford FC,FINISHED,2,1
PL,2024-03-16T15:00:00Z,Luton Town FC,Nottingham Forest FC,FINISHED,1,1
PL,2024-03-16T17:30:00Z,Fulham FC,Tottenham Hotspur FC,FINISHED,3,0
PL,2024-03-17T14:00:00Z,West Ham United FC,Aston Villa FC,FINISHED,1,1
PL,2024-03-30T12:30:00Z,Newcastle United FC,West Ham United FC,FINISHED,4,3
PL,2024-03-30T15:00:00Z,AFC Bournemouth,Everton FC,FINISHED,2,1
PL,2024-03-30T15:00:00Z,Chelsea FC,Burnley FC,FINISHED,2,2
PL,2024-03-30T15:00:00Z,Nottingham Forest FC,Crystal Palace FC,FINISHED,1,1
PL,2024-03-30T15:00:00Z,Sheffield United FC,Fulham FC,FINISHED,3,3
PL,2024-03-30T15:00:00Z,Tottenham Hotspur FC,Luton Town FC,FINISHED,2,1
PL,2024-03-30T17:30:00Z,Aston Villa FC,Wolverhampton Wanderers FC,FINISHED,2,0
PL,2024-03-30T20:00:00Z,Brentford FC,Manchester United FC,FINISHED,1,1
PL,2024-03-31T13:00:00Z,Liverpool FC,Brighton & Hove Albion FC,FINISHED,2,1
PL,2024-03-31T15:30:00Z,Manchester City FC,Arsenal FC,FINISHED,0,0
PL,2024-04-02T18:30:00Z,Nottingham Forest FC,Fulham FC,FINISHED,3,1
PL,2024-04-02T18:30:00Z,Newcastle United FC,Everton FC,FINISHED,1,1
PL,2024-04-02T18:45:00Z,AFC Bournemouth,Crystal Palace FC,FINISHED,1,0
PL,2024-04-02T18:45:00Z,Burnley FC,Wolverhampton Wanderers FC,FINISHED,1,1
PL,2024-04-02T19:15:00Z,West Ham United FC,Tottenham Hotspur FC,FINISHED,1,1
PL,2024-04-03T18:30:00Z,Arsenal FC,Luton Town FC,FINISHED,2,0
PL,2024-04-03T18:30:00Z,Brentford FC,Brighton & Hove Albion FC,FINISHED,0,0
PL,2024-04-03T19:15:00Z,Manchester City FC,Aston Villa FC,FINISHED,4,1
PL,2024-04-04T18:30:00Z,Liverpool FC,Sheffield United FC,FINISHED,3,1
PL,2024-04-04T19:15:00Z,Chelsea FC,Manchester United FC,FINISHED,4,3
PL,2024-04-06T11:30:00Z,Crystal Palace FC,Manchester City FC,FINISHED,2,4
PL,2024-04-06T14:00:00Z,Aston Villa FC,Brentford FC,FINISHED,3,3
PL,2024-04-06T14:00:00Z,Everton FC,Burnley FC,FINISHED,1,0
PL,2024-04-06T14:00:00Z,Fulham FC,Newcastle United FC,FINISHED,0,1
PL,2024-04-06T14:00:00Z,Luton Town FC,AFC Bournemouth,FINISHED,2,1
PL,2024-04-06T14:00:00Z,Wolverhampton Wanderers FC,West Ham United FC,FINISHED,1,2
PL,2024-04-06T16:30:00Z,Brighton & Hove Albion FC,Arsenal FC,FINISHED,0,3
PL,2024-04-07T14:30:00Z,Manchester United FC,Liverpool FC,FINISHED,2,2
PL,2024-04-07T16:30:00Z,Sheffield United FC,Chelsea FC,FINISHED,2,2
PL,2024-04-07T17:00:00Z,Tottenham Hotspur FC,Nottingham Forest FC,FINISHED,3,1
PL,2024-04-13T11:30:00Z,Newcastle United FC,Tottenham Hotspur FC,FINISHED,4,0
PL,2024-04-13T14:00:00Z,Brentford FC,Sheffield United FC,FINISHED,2,0
PL,2024-04-13T14:00:00Z,Burnley FC,Brighton & Hove Albion FC,FINISHED,1,1
PL,2024-04-13T14:00:00Z,Manchester City FC,Luton Town FC,FINISHED,5,1
PL,2024-04-13T14:00:00Z,Nottingham Forest FC,Wolverhampton Wanderers FC,FINISHED,2,2
PL,2024-04-13T16:30:00Z,AFC Bournemouth,Manchester United FC,FINISHED,2,2
PL,2024-04-14T13:00:00Z,Liverpool FC,Crystal Palace FC,FINISHED,0,1
PL,2024-04-14T13:00:00Z,West Ham United FC,Fulham FC,FINISHED,0,2
PL,2024-04-14T15:30:00Z,Arsenal FC,Aston Villa FC,FINISHED,0,2
PL,2024-04-15T19:00:00Z,Chelsea FC,Everton FC,FINISHED,6,0
PL,2024-04-20T14:00:00Z,Luton Town FC,Brentford FC,FINISHED,1,5
PL,2024-04-20T14:00:00Z,Sheffield United FC,Burnley FC,FINISHED,1,4
PL,2024-04-20T18:30:00Z,Wolverhampton Wanderers FC,Arsenal FC,FINISHED,0,2
PL,2024-04-21T12:30:00Z,Everton FC,Nottingham Forest FC,FINISHED,2,0
PL,2024-04-21T14:00:00Z,Aston Villa FC,AFC Bournemouth,FINISHED,3,1
PL,2024-04-21T14:00:00Z,Crystal Palace FC,West Ham United FC,FINISHED,5,2
PL,2024-04-21T15:30:00Z,Fulham FC,Liverpool FC,FINISHED,1,3
PL,2024-04-23T19:00:00Z,Arsenal FC,Chelsea FC,FINISHED,5,0
PL,2024-04-24T18:45:00Z,Wolverhampton Wanderers FC,AFC Bournemouth,FINISHED,0,1
PL,2024-04-24T19:00:00Z,Crystal Palace FC,Newcastle United FC,FINISHED,2,0
PL,2024-04-24T19:00:00Z,Everton FC,Liverpool FC,FINISHED,2,0
PL,2024-04-24T19:00:00Z,Manchester United FC,Sheffield United FC,FINISHED,4,2
PL,2024-04-25T19:00:00Z,Brighton & Hove Albion FC,Manchester City FC,FINISHED,0,4
PL,2024-04-27T11:30:00Z,West Ham United FC,Liverpool FC,FINISHED,2,2
PL,2024-04-27T14:00:00Z,Fulham FC,Crystal Palace FC,FINISHED,1,1
PL,2024-04-27T14:00:00Z,Manchester United FC,Burnley FC,FINISHED,1,1
PL,2024-04-27T14:00:00Z,Newcastle United FC,Sheffield United FC,FINISHED,5,1
PL,2024-04-27T14:00:00Z,Wolverhampton Wanderers FC,Luton Town FC,FINISHED,2,1
PL,2024-04-27T16:30:00Z,Everton FC,Brentford FC,FINISHED,1,0
PL,2024-04-27T19:00:00Z,Aston Villa FC,Chelsea FC,FINISHED,2,2
PL,2024-04-28T13:00:00Z,AFC Bournemouth,Brighton & Hove Albion FC,FINISHED,3,0
PL,2024-04-28T13:00:00Z,Tottenham Hotspur FC,Arsenal FC,FINISHED,2,3
PL,2024-04-28T15:30:00Z,Nottingham Forest FC,Manchester City FC,FINISHED,0,2
PL,2024-05-02T18:30:00Z,Chelsea FC,Tottenham Hotspur FC,FINISHED,2,0
PL,2024-05-03T19:00:00Z,Luton Town FC,Everton FC,FINISHED,1,1
PL,2024-05-04T11:30:00Z,Arsenal FC,AFC Bournemouth,FINISHED,3,0
PL,2024-05-04T14:00:00Z,Brentford FC,Fulham FC,FINISHED,0,0
PL,2024-05-04T14:00:00Z,Burnley FC,Newcastle United FC,FINISHED,1,4
PL,2024-05-04T14:00:00Z,Sheffield United FC,Nottingham Forest FC,FINISHED,1,3
PL,2024-05-04T16:30:00Z,Manchester City FC,Wolverhampton Wanderers FC,FINISHED,5,1
PL,2024-05-05T13:00:00Z,Brighton & Hove Albion FC,Aston Villa FC,FINISHED,1,0
PL,2024-05-05T13:00:00Z,Chelsea FC,West Ham United FC,FINISHED,5,0
PL,2024-05-05T15:30:00Z,Liverpool FC,Tottenham Hotspur FC,FINISHED,4,2
PL,2024-05-06T19:00:00Z,Crystal Palace FC,Manchester United FC,FINISHED,4,0
PL,2024-05-11T11:30:00Z,Fulham FC,Manchester City FC,FINISHED,0,4
PL,2024-05-11T14:00:00Z,AFC Bournemouth,Brentford FC,FINISHED,1,2
PL,2024-05-11T14:00:00Z,Everton FC,Sheffield United FC,FINISHED,1,0
PL,2024-05-11T14:00:00Z,Newcastle United FC,Brighton & Hove Albion FC,FINISHED,1,1
PL,2024-05-11T14:00:00Z,Tottenham Hotspur FC,Burnley FC,FINISHED,2,1
PL,2024-05-11T14:00:00Z,West Ham United FC,Luton Town FC,FINISHED,3,1
PL,2024-05-11T14:00:00Z,Wolverhampton Wanderers FC,Crystal Palace FC,FINISHED,1,3
PL,2024-05-11T16:30:00Z,Nottingham Forest FC,Chelsea FC,FINISHED,2,3
PL,2024-05-12T15:30:00Z,Manchester United FC,Arsenal FC,FINISHED,0,1
PL,2024-05-13T19:00:00Z,Aston Villa FC,Liverpool FC,FINISHED,3,3
PL,2024-05-14T19:00:00Z,Tottenham Hotspur FC,Manchester City FC,FINISHED,0,2
PL,2024-05-15T18:45:00Z,Brighton & Hove Albion FC,Chelsea FC,FINISHED,1,2
PL,2024-05-15T19:00:00Z,Manchester United FC,Newcastle United FC,FINISHED,3,2
PL,2024-05-19T15:00:00Z,Arsenal FC,Everton FC,FINISHED,2,1
PL,2024-05-19T15:00:00Z,Brentford FC,Newcastle United FC,FINISHED,2,4
PL,2024-05-19T15:00:00Z,Brighton & Hove Albion FC,Manchester United FC,FINISHED,0,2
PL,2024-05-19T15:00:00Z,Burnley FC,Nottingham Forest FC,FINISHED,1,2
PL,2024-05-19T15:00:00Z,Chelsea FC,AFC Bournemouth,FINISHED,2,1
PL,2024-05-19T15:00:00Z,Crystal Palace FC,Aston Villa FC,FINISHED,5,0
PL,2024-05-19T15:00:00Z,Liverpool FC,Wolverhampton Wanderers FC,FINISHED,2,0
PL,2024-05-19T15:00:00Z,Luton Town FC,Fulham FC,FINISHED,2,4
PL,2024-05-19T15:00:00Z,Manchester City FC,West Ham United FC,FINISHED,3,1
PL,2024-05-19T15:00:00Z,Sheffield United FC,Tottenham Hotspur FC,FINISHED,0,3
PD,2023-08-11T17:30:00Z,UD Almería,Rayo Vallecano de Madrid,FINISHED,0,2
PD,2023-08-11T20:00:00Z,Sevilla FC,Valencia CF,FINISHED,1,2
PD,2023-08-12T15:00:00Z,Real Sociedad de Fútbol,Girona FC,FINISHED,1,1
PD,2023-08-12T17:30:00Z,UD Las Palmas,RCD Mallorca,FINISHED,1,1
PD,2023-08-12T19:30:00Z,Athletic Club,Real Madrid CF,FINISHED,0,2
PD,2023-08-13T15:00:00Z,RC Celta de Vigo,CA Osasuna,FINISHED,0,2
PD,2023-08-13T17:30:00Z,Villarreal CF,Real Betis Balompié,FINISHED,1,2
PD,2023-08-13T19:30:00Z,Getafe CF,FC Barcelona,FINISHED,0,0
PD,2023-08-14T17:30:00Z,Cádiz CF,Deportivo Alavés,FINISHED,1,0
PD,2023-08-14T19:30:00Z,Club Atlético de Madrid,Granada CF,FINISHED,3,1
PD,2023-08-18T17:30:00Z,RCD Mallorca,Villarreal CF,FINISHED,0,1
PD,2023-08-18T19:30:00Z,Valencia CF,UD Las Palmas,FINISHED,1,0
PD,2023-08-19T15:00:00Z,Real Sociedad de Fútbol,RC Celta de Vigo,FINISHED,1,1
PD,2023-08-19T17:30:00Z,UD Almería,Real Madrid CF,FINISHED,1,3
PD,2023-08-19T19:30:00Z,CA Osasuna,Athletic Club,FINISHED,0,2
PD,2023-08-20T17:00:00Z,Girona FC,Getafe CF,FINISHED,3,0
PD,2023-08-20T17:30:00Z,FC Barcelona,Cádiz CF,FINISHED,2,0
PD,2023-08-20T19:30:00Z,Real Betis Balompié,Club Atlético de Madrid,FINISHED,0,0
PD,2023-08-21T17:00:00Z,Deportivo Alavés,Sevilla FC,FINISHED,4,3
PD,2023-08-21T19:30:00Z,Granada CF,Rayo Vallecano de Madrid,FINISHED,0,2
PD,2023-08-25T17:30:00Z,UD Las Palmas,Real Sociedad de Fútbol,FINISHED,0,0
PD,2023-08-25T19:30:00Z,RC Celta de Vigo,Real Madrid CF,FINISHED,0,1
PD,2023-08-26T17:00:00Z,Cádiz CF,UD Almería,FINISHED,1,1
PD,2023-08-26T17:30:00Z,Granada CF,RCD Mallorca,FINISHED,3,2
PD,2023-08-26T19:30:00Z,Sevilla FC,Girona FC,FINISHED,1,2
PD,2023-08-27T15:30:00Z,Villarreal CF,FC Barcelona,FINISHED,3,4
PD,2023-08-27T17:30:00Z,Valencia CF,CA Osasuna,FINISHED,1,2
PD,2023-08-27T19:30:00Z,Athletic Club,Real Betis Balompié,FINISHED,4,2
PD,2023-08-28T17:30:00Z,Getafe CF,Deportivo Alavés,FINISHED,1,0
PD,2023-08-28T19:30:00Z,Rayo Vallecano de Madrid,Club Atlético de Madrid,FINISHED,0,7
PD,2023-09-01T17:30:00Z,Cádiz CF,Villarreal CF,FINISHED,3,1
PD,2023-09-01T20:00:00Z,UD Almería,RC Celta de Vigo,FINISHED,2,3
PD,2023-09-02T12:00:00Z,Real Sociedad de Fútbol,Granada CF,FINISHED,5,3
PD,2023-09-02T14:15:00Z,Real Madrid CF,Getafe CF,FINISHED,2,1
PD,2023-09-02T16:30:00Z,Deportivo Alavés,Valencia CF,FINISHED,1,0
PD,2023-09-02T19:00:00Z,Real Betis Balompié,Rayo Vallecano de Madrid,FINISHED,1,0
PD,2023-09-03T12:00:00Z,Girona FC,UD Las Palmas,FINISHED,1,0
PD,2023-09-03T14:15:00Z,RCD Mallorca,Athletic Club,FINISHED,0,0
PD,2023-09-03T19:00:00Z,CA Osasuna,FC Barcelona,FINISHED,1,2
PD,2023-09-15T19:00:00Z,Rayo Vallecano de Madrid,Deportivo Alavés,FINISHED,2,0
PD,2023-09-16T12:00:00Z,Athletic Club,Cádiz CF,FINISHED,3,0
PD,2023-09-16T14:15:00Z,Valencia CF,Club Atlético de Madrid,FINISHED,3,0
PD,2023-09-16T16:30:00Z,RC Celta de Vigo,RCD Mallorca,FINISHED,0,1
PD,2023-09-16T19:00:00Z,FC Barcelona,Real Betis Balompié,FINISHED,5,0
PD,2023-09-17T12:00:00Z,Getafe CF,CA Osasuna,FINISHED,3,2
PD,2023-09-17T14:15:00Z,Villarreal CF,UD Almería,FINISHED,2,1
PD,2023-09-17T16:30:00Z,Sevilla FC,UD Las Palmas,FINISHED,1,0
PD,2023-09-17T19:00:00Z,Real Madrid CF,Real Sociedad de Fútbol,FINISHED,2,1
PD,2023-09-18T19:00:00Z,Granada CF,Girona FC,FINISHED,2,4
PD,2023-09-22T19:00:00Z,Deportivo Alavés,Athletic Club,FINISHED,0,2
PD,2023-09-23T12:00:00Z,Girona FC,RCD Mallorca,FINISHED,5,3
PD,2023-09-23T14:15:00Z,CA Osasuna,Sevilla FC,FINISHED,0,0
PD,2023-09-23T16:30:00Z,FC Barcelona,RC Celta de Vigo,FINISHED,3,2
PD,2023-09-23T19:00:00Z,UD Almería,Valencia CF,FINISHED,2,2
PD,2023-09-24T12:00:00Z,Real Sociedad de Fútbol,Getafe CF,FINISHED,4,3
PD,2023-09-24T14:15:00Z,Rayo Vallecano de Madrid,Villarreal CF,FINISHED,1,1
PD,2023-09-24T16:30:00Z,UD Las Palmas,Granada CF,FINISHED,1,0
PD,2023-09-24T16:30:00Z,Real Betis Balompié,Cádiz CF,FINISHED,1,1
PD,2023-09-24T19:00:00Z,Club Atlético de Madrid,Real Madrid CF,FINISHED,3,1
PD,2023-09-26T17:00:00Z,Sevilla FC,UD Almería,FINISHED,5,1
PD,2023-09-26T19:30:00Z,RCD Mallorca,FC Barcelona,FINISHED,2,2
PD,2023-09-27T17:00:00Z,Athletic Club,Getafe CF,FINISHED,2,2
PD,2023-09-27T17:00:00Z,Villarreal CF,Girona FC,FINISHED,1,2
PD,2023-09-27T17:00:00Z,Real Madrid CF,UD Las Palmas,FINISHED,2,0
PD,2023-09-27T19:30:00Z,Cádiz CF,Rayo Vallecano de Madrid,FINISHED,0,0
PD,2023-09-27T19:30:00Z,Valencia CF,Real Sociedad de Fútbol,FINISHED,0,1
PD,2023-09-28T17:00:00Z,RC Celta de Vigo,Deportivo Alavés,FINISHED,1,1
PD,2023-09-28T17:00:00Z,Granada CF,Real Betis Balompié,FINISHED,1,1
PD,2023-09-28T19:30:00Z,CA Osasuna,Club Atlético de Madrid,FINISHED,0,2
PD,2023-09-29T19:00:00Z,FC Barcelona,Sevilla FC,FINISHED,1,0
PD,2023-09-30T12:00:00Z,Getafe CF,Villarreal CF,FINISHED,0,0
PD,2023-09-30T14:15:00Z,Rayo Vallecano de Madrid,RCD Mallorca,FINISHED,2,2
PD,2023-09-30T16:30:00Z,Girona FC,Real Madrid CF,FINISHED,0,3
PD,2023-09-30T19:00:00Z,Real Sociedad de Fútbol,Athletic Club,FINISHED,3,0
PD,2023-10-01T12:00:00Z,UD Almería,Granada CF,FINISHED,3,3
PD,2023-10-01T14:15:00Z,Deportivo Alavés,CA Osasuna,FINISHED,0,2
PD,2023-10-01T19:00:00Z,Club Atlético de Madrid,Cádiz CF,FINISHED,3,2
PD,2023-10-01T19:00:00Z,Real Betis Balompié,Valencia CF,FINISHED,3,0
PD,2023-10-02T19:00:00Z,UD Las Palmas,RC Celta de Vigo,FINISHED,2,1
PD,2023-10-06T19:00:00Z,Athletic Club,UD Almería,FINISHED,3,0
PD,2023-10-07T12:00:00Z,Cádiz CF,Girona FC,FINISHED,0,1
PD,2023-10-07T14:15:00Z,Real Madrid CF,CA Osasuna,FINISHED,4,0
PD,2023-10-07T16:30:00Z,RCD Mallorca,Valencia CF,FINISHED,1,1
PD,2023-10-07T19:00:00Z,Sevilla FC,Rayo Vallecano de Madrid,FINISHED,2,2
PD,2023-10-08T12:00:00Z,Villarreal CF,UD Las Palmas,FINISHED,1,2
PD,2023-10-08T14:15:00Z,Club Atlético de Madrid,Real Sociedad de Fútbol,FINISHED,2,1
PD,2023-10-08T16:30:00Z,RC Celta de Vigo,Getafe CF,FINISHED,2,2
PD,2023-10-08T16:30:00Z,Deportivo Alavés,Real Betis Balompié,FINISHED,1,1
PD,2023-10-08T19:00:00Z,Granada CF,FC Barcelona,FINISHED,2,2
PD,2023-10-20T19:00:00Z,CA Osasuna,Granada CF,FINISHED,2,0
PD,2023-10-21T12:00:00Z,Real Sociedad de Fútbol,RCD Mallorca,FINISHED,1,0
PD,2023-10-21T14:15:00Z,Getafe CF,Real Betis Balompié,FINISHED,1,1
PD,2023-10-21T16:30:00Z,Sevilla FC,Real Madrid CF,FINISHED,1,1
PD,2023-10-21T19:00:00Z,RC Celta de Vigo,Club Atlético de Madrid,FINISHED,0,3
PD,2023-10-22T12:00:00Z,UD Las Palmas,Rayo Vallecano de Madrid,FINISHED,0,1
PD,2023-10-22T14:15:00Z,Girona FC,UD Almería,FINISHED,5,2
PD,2023-10-22T16:30:00Z,Villarreal CF,Deportivo Alavés,FINISHED,1,1
PD,2023-10-22T19:00:00Z,FC Barcelona,Athletic Club,FINISHED,1,0
PD,2023-10-23T19:00:00Z,Valencia CF,Cádiz CF,FINISHED,2,0
PD,2023-10-27T19:00:00Z,Girona FC,RC Celta de Vigo,FINISHED,1,0
PD,2023-10-28T12:00:00Z,UD Almería,UD Las Palmas,FINISHED,1,2
PD,2023-10-28T14:15:00Z,FC Barcelona,Real Madrid CF,FINISHED,1,2
PD,2023-10-28T16:30:00Z,RCD Mallorca,Getafe CF,FINISHED,0,0
PD,2023-10-28T19:00:00Z,Cádiz CF,Sevilla FC,FINISHED,2,2
PD,2023-10-29T13:00:00Z,Real Betis Balompié,CA Osasuna,FINISHED,2,1
PD,2023-10-29T15:15:00Z,Rayo Vallecano de Madrid,Real Sociedad de Fútbol,FINISHED,2,2
PD,2023-10-29T17:30:00Z,Athletic Club,Valencia CF,FINISHED,2,2
PD,2023-10-29T20:00:00Z,Club Atlético de Madrid,Deportivo Alavés,FINISHED,2,1
PD,2023-10-30T20:00:00Z,Granada CF,Villarreal CF,FINISHED,2,3
PD,2023-11-03T20:00:00Z,UD Las Palmas,Club Atlético de Madrid,FINISHED,2,1
PD,2023-11-04T13:00:00Z,CA Osasuna,Girona FC,FINISHED,2,4
PD,2023-11-04T15:15:00Z,Real Betis Balompié,RCD Mallorca,FINISHED,2,0
PD,2023-11-04T17:30:00Z,RC Celta de Vigo,Sevilla FC,FINISHED,1,1
PD,2023-11-04T20:00:00Z,Real Sociedad de Fútbol,FC Barcelona,FINISHED,0,1
PD,2023-11-05T13:00:00Z,Deportivo Alavés,UD Almería,FINISHED,1,0
PD,2023-11-05T15:15:00Z,Valencia CF,Granada CF,FINISHED,1,0
PD,2023-11-05T17:30:00Z,Villarreal CF,Athletic Club,FINISHED,2,3
PD,2023-11-05T20:00:00Z,Real Madrid CF,Rayo Vallecano de Madrid,FINISHED,0,0
PD,2023-11-06T20:00:00Z,Getafe CF,Cádiz CF,FINISHED,1,0
PD,2023-11-10T20:00:00Z,Athletic Club,RC Celta de Vigo,FINISHED,4,3
PD,2023-11-11T13:00:00Z,Rayo Vallecano de Madrid,Girona FC,FINISHED,1,2
PD,2023-11-11T15:15:00Z,UD Almería,Real Sociedad de Fútbol,FINISHED,1,3
PD,2023-11-11T17:30:00Z,CA Osasuna,UD Las Palmas,FINISHED,1,1
PD,2023-11-11T17:30:00Z,Granada CF,Getafe CF,FINISHED,1,1
PD,2023-11-11T20:00:00Z,Real Madrid CF,Valencia CF,FINISHED,5,1
PD,2023-11-12T15:15:00Z,FC Barcelona,Deportivo Alavés,FINISHED,2,1
PD,2023-11-12T17:30:00Z,Sevilla FC,Real Betis Balompié,FINISHED,1,1
PD,2023-11-12T20:00:00Z,Club Atlético de Madrid,Villarreal CF,FINISHED,3,1
PD,2023-11-24T20:00:00Z,Deportivo Alavés,Granada CF,FINISHED,3,1
PD,2023-11-25T13:00:00Z,Rayo Vallecano de Madrid,FC Barcelona,FINISHED,1,1
PD,2023-11-25T15:15:00Z,Valencia CF,RC Celta de Vigo,FINISHED,0,0
PD,2023-11-25T17:30:00Z,Getafe CF,UD Almería,FINISHED,2,1
PD,2023-11-25T20:00:00Z,Club Atlético de Madrid,RCD Mallorca,FINISHED,1,0
PD,2023-11-26T13:00:00Z,Villarreal CF,CA Osasuna,FINISHED,3,1
PD,2023-11-26T15:15:00Z,Real Sociedad de Fútbol,Sevilla FC,FINISHED,2,1
PD,2023-11-26T17:30:00Z,Cádiz CF,Real Madrid CF,FINISHED,0,3
PD,2023-11-26T20:00:00Z,Real Betis Balompié,UD Las Palmas,FINISHED,1,0
PD,2023-11-27T20:00:00Z,Girona FC,Athletic Club,FINISHED,1,1
PD,2023-11-29T20:00:00Z,RCD Mallorca,Cádiz CF,FINISHED,1,1
PD,2023-12-01T20:00:00Z,UD Las Palmas,Getafe CF,FINISHED,2,0
PD,2023-12-02T13:00:00Z,Girona FC,Valencia CF,FINISHED,2,1
PD,2023-12-02T15:15:00Z,Athletic Club,Rayo Vallecano de Madrid,FINISHED,4,0
PD,2023-12-02T17:30:00Z,Real Madrid CF,Granada CF,FINISHED,2,0
PD,2023-12-02T20:00:00Z,CA Osasuna,Real Sociedad de Fútbol,FINISHED,1,1
PD,2023-12-03T13:00:00Z,RCD Mallorca,Deportivo Alavés,FINISHED,0,0
PD,2023-12-03T15:15:00Z,UD Almería,Real Betis Balompié,FINISHED,0,0
PD,2023-12-03T17:30:00Z,Sevilla FC,Villarreal CF,FINISHED,1,1
PD,2023-12-03T20:00:00Z,FC Barcelona,Club Atlético de Madrid,FINISHED,1,0
PD,2023-12-04T20:00:00Z,RC Celta de Vigo,Cádiz CF,FINISHED,1,1
PD,2023-12-08T20:00:00Z,Getafe CF,Valencia CF,FINISHED,1,0
PD,2023-12-09T13:00:00Z,Deportivo Alavés,UD Las Palmas,FINISHED,0,1
PD,2023-12-09T15:15:00Z,Real Betis Balompié,Real Madrid CF,FINISHED,1,1
PD,2023-12-09T17:30:00Z,Villarreal CF,Real Sociedad de Fútbol,FINISHED,0,3
PD,2023-12-09T20:00:00Z,RCD Mallorca,Sevilla FC,FINISHED,1,0
PD,2023-12-10T13:00:00Z,Club Atlético de Madrid,UD Almería,FINISHED,2,1
PD,2023-12-10T17:30:00Z,Cádiz CF,CA Osasuna,FINISHED,1,1
PD,2023-12-10T20:00:00Z,FC Barcelona,Girona FC,FINISHED,2,4
PD,2023-12-11T20:00:00Z,Granada CF,Athletic Club,FINISHED,1,1
PD,2023-12-11T20:00:00Z,Rayo Vallecano de Madrid,RC Celta de Vigo,FINISHED,0,0
PD,2023-12-15T20:00:00Z,CA Osasuna,Rayo Vallecano de Madrid,FINISHED,1,0
PD,2023-12-16T13:00:00Z,RC Celta de Vigo,Granada CF,FINISHED,1,0
PD,2023-12-16T15:15:00Z,Athletic Club,Club Atlético de Madrid,FINISHED,2,0
PD,2023-12-16T17:30:00Z,Sevilla FC,Getafe CF,FINISHED,0,3
PD,2023-12-16T20:00:00Z,Valencia CF,FC Barcelona,FINISHED,1,1
PD,2023-12-17T13:00:00Z,UD Almería,RCD Mallorca,FINISHED,0,0
PD,2023-12-17T15:15:00Z,Real Sociedad de Fútbol,Real Betis Balompié,FINISHED,0,0
PD,2023-12-17T17:30:00Z,UD Las Palmas,Cádiz CF,FINISHED,1,1
PD,2023-12-17T20:00:00Z,Real Madrid CF,Villarreal CF,FINISHED,4,1
PD,2023-12-18T20:00:00Z,Girona FC,Deportivo Alavés,FINISHED,3,0
PD,2023-12-19T18:00:00Z,Rayo Vallecano de Madrid,Valencia CF,FINISHED,0,1
PD,2023-12-19T20:30:00Z,Club Atlético de Madrid,Getafe CF,FINISHED,3,3
PD,2023-12-19T20:30:00Z,Granada CF,Sevilla FC,FINISHED,0,3
PD,2023-12-20T18:00:00Z,FC Barcelona,UD Almería,FINISHED,3,2
PD,2023-12-20T20:30:00Z,Athletic Club,UD Las Palmas,FINISHED,1,0
PD,2023-12-20T20:30:00Z,Villarreal CF,RC Celta de Vigo,FINISHED,3,2
PD,2023-12-21T18:00:00Z,Real Betis Balompié,Girona FC,FINISHED,1,1
PD,2023-12-21T18:00:00Z,Cádiz CF,Real Sociedad de Fútbol,FINISHED,0,0
PD,2023-12-21T20:30:00Z,Deportivo Alavés,Real Madrid CF,FINISHED,0,1
PD,2023-12-21T20:30:00Z,RCD Mallorca,CA Osasuna,FINISHED,3,2
PD,2023-12-23T15:15:00Z,Club Atlético de Madrid,Sevilla FC,FINISHED,1,0
PD,2024-01-02T16:00:00Z,Getafe CF,Rayo Vallecano de Madrid,FINISHED,0,2
PD,2024-01-02T18:15:00Z,Real Sociedad de Fútbol,Deportivo Alavés,FINISHED,1,1
PD,2024-01-02T20:30:00Z,Valencia CF,Villarreal CF,FINISHED,3,1
PD,2024-01-03T16:00:00Z,Granada CF,Cádiz CF,FINISHED,2,0
PD,2024-01-03T18:15:00Z,RC Celta de Vigo,Real Betis Balompié,FINISHED,2,1
PD,2024-01-03T18:15:00Z,Real Madrid CF,RCD Mallorca,FINISHED,1,0
PD,2024-01-03T20:30:00Z,Girona FC,Club Atlético de Madrid,FINISHED,4,3
PD,2024-01-04T16:00:00Z,CA Osasuna,UD Almería,FINISHED,1,0
PD,2024-01-04T18:15:00Z,Sevilla FC,Athletic Club,FINISHED,0,2
PD,2024-01-04T20:30:00Z,UD Las Palmas,FC Barcelona,FINISHED,1,2
PD,2024-01-12T20:00:00Z,Sevilla FC,Deportivo Alavés,FINISHED,2,3
PD,2024-01-13T13:00:00Z,UD Las Palmas,Villarreal CF,FINISHED,3,0
PD,2024-01-13T15:15:00Z,RCD Mallorca,RC Celta de Vigo,FINISHED,1,1
PD,2024-01-13T17:30:00Z,Athletic Club,Real Sociedad de Fútbol,FINISHED,2,1
PD,2024-01-13T20:00:00Z,Real Betis Balompié,Granada CF,FINISHED,1,0
PD,2024-01-14T13:00:00Z,UD Almería,Girona FC,FINISHED,0,0
PD,2024-01-14T15:15:00Z,Cádiz CF,Valencia CF,FINISHED,1,4
PD,2024-01-19T20:00:00Z,Deportivo Alavés,Cádiz CF,FINISHED,1,0
PD,2024-01-20T13:00:00Z,Rayo Vallecano de Madrid,UD Las Palmas,FINISHED,0,2
PD,2024-01-20T15:15:00Z,Villarreal CF,RCD Mallorca,FINISHED,1,1
PD,2024-01-20T17:30:00Z,Valencia CF,Athletic Club,FINISHED,1,0
PD,2024-01-20T20:00:00Z,RC Celta de Vigo,Real Sociedad de Fútbol,FINISHED,0,1
PD,2024-01-21T13:00:00Z,CA Osasuna,Getafe CF,FINISHED,3,2
PD,2024-01-21T15:15:00Z,Real Madrid CF,UD Almería,FINISHED,3,2
PD,2024-01-21T17:30:00Z,Real Betis Balompié,FC Barcelona,FINISHED,2,4
PD,2024-01-21T20:00:00Z,Girona FC,Sevilla FC,FINISHED,5,1
PD,2024-01-22T20:00:00Z,Granada CF,Club Atlético de Madrid,FINISHED,0,1
PD,2024-01-26T20:00:00Z,UD Almería,Deportivo Alavés,FINISHED,0,3
PD,2024-01-27T13:00:00Z,Real Sociedad de Fútbol,Rayo Vallecano de Madrid,FINISHED,0,0
PD,2024-01-27T15:15:00Z,UD Las Palmas,Real Madrid CF,FINISHED,1,2
PD,2024-01-27T17:30:00Z,FC Barcelona,Villarreal CF,FINISHED,3,5
PD,2024-01-27T20:00:00Z,RCD Mallorca,Real Betis Balompié,FINISHED,0,1
PD,2024-01-28T13:00:00Z,RC Celta de Vigo,Girona FC,FINISHED,0,1
PD,2024-01-28T15:15:00Z,Cádiz CF,Athletic Club,FINISHED,0,0
PD,2024-01-28T17:30:00Z,Sevilla FC,CA Osasuna,FINISHED,1,1
PD,2024-01-28T20:00:00Z,Club Atlético de Madrid,Valencia CF,FINISHED,2,0
PD,2024-01-29T20:00:00Z,Getafe CF,Granada CF,FINISHED,2,0
PD,2024-01-31T18:00:00Z,FC Barcelona,CA Osasuna,FINISHED,1,0
PD,2024-01-31T20:00:00Z,Club Atlético de Madrid,Rayo Vallecano de Madrid,FINISHED,2,1
PD,2024-02-01T20:00:00Z,Getafe CF,Real Madrid CF,FINISHED,0,2
PD,2024-02-02T20:00:00Z,Athletic Club,RCD Mallorca,FINISHED,4,0
PD,2024-02-03T13:00:00Z,Valencia CF,UD Almería,FINISHED,2,1
PD,2024-02-03T15:15:00Z,Granada CF,UD Las Palmas,FINISHED,1,1
PD,2024-02-03T17:30:00Z,Deportivo Alavés,FC Barcelona,FINISHED,1,3
PD,2024-02-03T20:00:00Z,Girona FC,Real Sociedad de Fútbol,FINISHED,0,0
PD,2024-02-04T13:00:00Z,Villarreal CF,Cádiz CF,FINISHED,0,0
PD,2024-02-04T15:15:00Z,CA Osasuna,RC Celta de Vigo,FINISHED,0,3
PD,2024-02-04T17:30:00Z,Real Betis Balompié,Getafe CF,FINISHED,1,1
PD,2024-02-04T20:00:00Z,Real Madrid CF,Club Atlético de Madrid,FINISHED,1,1
PD,2024-02-05T20:00:00Z,Rayo Vallecano de Madrid,Sevilla FC,FINISHED,1,2
PD,2024-02-09T20:00:00Z,Cádiz CF,Real Betis Balompié,FINISHED,0,2
PD,2024-02-10T13:00:00Z,Deportivo Alavés,Villarreal CF,FINISHED,1,1
PD,2024-02-10T15:15:00Z,Real Sociedad de Fútbol,CA Osasuna,FINISHED,0,1
PD,2024-02-10T17:30:00Z,Real Madrid CF,Girona FC,FINISHED,4,0
PD,2024-02-10T20:00:00Z,UD Las Palmas,Valencia CF,FINISHED,2,0
PD,2024-02-11T13:00:00Z,Getafe CF,RC Celta de Vigo,FINISHED,3,2
PD,2024-02-11T15:15:00Z,RCD Mallorca,Rayo Vallecano de Madrid,FINISHED,2,1
PD,2024-02-11T17:30:00Z,Sevilla FC,Club Atlético de Madrid,FINISHED,1,0
PD,2024-02-11T20:00:00Z,FC Barcelona,Granada CF,FINISHED,3,3
PD,2024-02-12T20:00:00Z,UD Almería,Athletic Club,FINISHED,0,0
PD,2024-02-16T20:00:00Z,Villarreal CF,Getafe CF,FINISHED,1,1
PD,2024-02-17T13:00:00Z,Club Atlético de Madrid,UD Las Palmas,FINISHED,5,0
PD,2024-02-17T15:15:00Z,CA Osasuna,Cádiz CF,FINISHED,2,0
PD,2024-02-17T17:30:00Z,RC Celta de Vigo,FC Barcelona,FINISHED,1,2
PD,2024-02-17T20:00:00Z,Valencia CF,Sevilla FC,FINISHED,0,0
PD,2024-02-18T13:00:00Z,Rayo Vallecano de Madrid,Real Madrid CF,FINISHED,1,1
PD,2024-02-18T15:15:00Z,Granada CF,UD Almería,FINISHED,1,1
PD,2024-02-18T17:30:00Z,RCD Mallorca,Real Sociedad de Fútbol,FINISHED,1,2
PD,2024-02-18T20:00:00Z,Real Betis Balompié,Deportivo Alavés,FINISHED,0,0
PD,2024-02-19T20:00:00Z,Athletic Club,Girona FC,FINISHED,3,2
PD,2024-02-23T20:00:00Z,Real Sociedad de Fútbol,Villarreal CF,FINISHED,1,3
PD,2024-02-24T15:15:00Z,FC Barcelona,Getafe CF,FINISHED,4,0
PD,2024-02-24T17:30:00Z,Deportivo Alavés,RCD Mallorca,FINISHED,1,1
PD,2024-02-24T20:00:00Z,UD Almería,Club Atlético de Madrid,FINISHED,2,2
PD,2024-02-25T13:00:00Z,Cádiz CF,RC Celta de Vigo,FINISHED,2,2
PD,2024-02-25T15:15:00Z,Real Betis Balompié,Athletic Club,FINISHED,3,1
PD,2024-02-25T17:30:00Z,UD Las Palmas,CA Osasuna,FINISHED,1,1
PD,2024-02-25T20:00:00Z,Real Madrid CF,Sevilla FC,FINISHED,1,0
PD,2024-02-26T20:00:00Z,Girona FC,Rayo Vallecano de Madrid,FINISHED,3,0
PD,2024-03-01T20:00:00Z,RC Celta de Vigo,UD Almería,FINISHED,1,0
PD,2024-03-02T13:00:00Z,Sevilla FC,Real Sociedad de Fútbol,FINISHED,3,2
PD,2024-03-02T15:15:00Z,Rayo Vallecano de Madrid,Cádiz CF,FINISHED,1,1
PD,2024-03-02T17:30:00Z,Getafe CF,UD Las Palmas,FINISHED,3,3
PD,2024-03-02T20:00:00Z,Valencia CF,Real Madrid CF,FINISHED,2,2
PD,2024-03-03T13:00:00Z,Villarreal CF,Granada CF,FINISHED,5,1
PD,2024-03-03T15:15:00Z,Club Atlético de Madrid,Real Betis Balompié,FINISHED,2,1
PD,2024-03-03T17:30:00Z,RCD Mallorca,Girona FC,FINISHED,1,0
PD,2024-03-03T20:00:00Z,Athletic Club,FC Barcelona,FINISHED,0,0
PD,2024-03-04T20:00:00Z,CA Osasuna,Deportivo Alavés,FINISHED,1,0
PD,2024-03-08T20:00:00Z,FC Barcelona,RCD Mallorca,FINISHED,1,0
PD,2024-03-09T13:00:00Z,Valencia CF,Getafe CF,FINISHED,1,0
PD,2024-03-09T15:15:00Z,Cádiz CF,Club Atlético de Madrid,FINISHED,2,0
PD,2024-03-09T17:30:00Z,Granada CF,Real Sociedad de Fútbol,FINISHED,2,3
PD,2024-03-09T20:00:00Z,Girona FC,CA Osasuna,FINISHED,2,0
PD,2024-03-10T13:00:00Z,Deportivo Alavés,Rayo Vallecano de Madrid,FINISHED,1,0
PD,2024-03-10T15:15:00Z,UD Las Palmas,Athletic Club,FINISHED,0,2
PD,2024-03-10T17:30:00Z,Real Madrid CF,RC Celta de Vigo,FINISHED,4,0
PD,2024-03-10T20:00:00Z,Real Betis Balompié,Villarreal CF,FINISHED,2,3
PD,2024-03-11T20:00:00Z,UD Almería,Sevilla FC,FINISHED,2,2
PD,2024-03-15T20:00:00Z,Real Sociedad de Fútbol,Cádiz CF,FINISHED,2,0
PD,2024-03-16T13:00:00Z,RCD Mallorca,Granada CF,FINISHED,1,0
PD,2024-03-16T15:15:00Z,CA Osasuna,Real Madrid CF,FINISHED,2,4
PD,2024-03-16T17:30:00Z,Getafe CF,Girona FC,FINISHED,1,0
PD,2024-03-16T20:00:00Z,Athletic Club,Deportivo Alavés,FINISHED,2,0
PD,2024-03-17T13:00:00Z,Sevilla FC,RC Celta de Vigo,FINISHED,1,2
PD,2024-03-17T15:15:00Z,Villarreal CF,Valencia CF,FINISHED,1,0
PD,2024-03-17T15:15:00Z,UD Las Palmas,UD Almería,FINISHED,0,1
PD,2024-03-17T17:30:00Z,Rayo Vallecano de Madrid,Real Betis Balompié,FINISHED,2,0
PD,2024-03-17T20:00:00Z,Club Atlético de Madrid,FC Barcelona,FINISHED,0,3
PD,2024-03-29T20:00:00Z,Cádiz CF,Granada CF,FINISHED,1,0
PD,2024-03-30T13:00:00Z,Getafe CF,Sevilla FC,FINISHED,0,1
PD,2024-03-30T15:15:00Z,UD Almería,CA Osasuna,FINISHED,0,3
PD,2024-03-30T17:30:00Z,Valencia CF,RCD Mallorca,FINISHED,0,0
PD,2024-03-30T20:00:00Z,FC Barcelona,UD Las Palmas,FINISHED,1,0
PD,2024-03-31T12:00:00Z,RC Celta de Vigo,Rayo Vallecano de Madrid,FINISHED,0,0
PD,2024-03-31T14:15:00Z,Girona FC,Real Betis Balompié,FINISHED,3,2
PD,2024-03-31T16:30:00Z,Deportivo Alavés,Real Sociedad de Fútbol,FINISHED,0,1
PD,2024-03-31T19:00:00Z,Real Madrid CF,Athletic Club,FINISHED,2,0
PD,2024-04-01T19:00:00Z,Villarreal CF,Club Atlético de Madrid,FINISHED,1,2
PD,2024-04-04T18:00:00Z,Granada CF,Valencia CF,FINISHED,0,1
PD,2024-04-12T19:00:00Z,Real Betis Balompié,RC Celta de Vigo,FINISHED,2,1
PD,2024-04-13T12:00:00Z,Club Atlético de Madrid,Girona FC,FINISHED,3,1
PD,2024-04-13T14:15:00Z,Rayo Vallecano de Madrid,Getafe CF,FINISHED,0,0
PD,2024-04-13T16:30:00Z,RCD Mallorca,Real Madrid CF,FINISHED,0,1
PD,2024-04-13T19:00:00Z,Cádiz CF,FC Barcelona,FINISHED,0,1
PD,2024-04-14T12:00:00Z,UD Las Palmas,Sevilla FC,FINISHED,0,2
PD,2024-04-14T14:15:00Z,Granada CF,Deportivo Alavés,FINISHED,2,0
PD,2024-04-14T16:30:00Z,Athletic Club,Villarreal CF,FINISHED,1,1
PD,2024-04-14T19:00:00Z,Real Sociedad de Fútbol,UD Almería,FINISHED,2,2
PD,2024-04-15T19:00:00Z,CA Osasuna,Valencia CF,FINISHED,0,1
PD,2024-04-19T19:00:00Z,Athletic Club,Granada CF,FINISHED,1,1
PD,2024-04-20T12:00:00Z,RC Celta de Vigo,UD Las Palmas,FINISHED,4,1
PD,2024-04-20T14:15:00Z,Rayo Vallecano de Madrid,CA Osasuna,FINISHED,2,1
PD,2024-04-20T16:30:00Z,Valencia CF,Real Betis Balompié,FINISHED,1,2
PD,2024-04-20T19:00:00Z,Girona FC,Cádiz CF,FINISHED,4,1
PD,2024-04-21T12:00:00Z,Getafe CF,Real Sociedad de Fútbol,FINISHED,1,1
PD,2024-04-21T14:15:00Z,UD Almería,Villarreal CF,FINISHED,1,2
PD,2024-04-21T16:30:00Z,Deportivo Alavés,Club Atlético de Madrid,FINISHED,2,0
PD,2024-04-21T19:00:00Z,Real Madrid CF,FC Barcelona,FINISHED,3,2
PD,2024-04-22T19:00:00Z,Sevilla FC,RCD Mallorca,FINISHED,2,1
PD,2024-04-26T19:00:00Z,Real Sociedad de Fútbol,Real Madrid CF,FINISHED,0,1
PD,2024-04-27T12:00:00Z,UD Las Palmas,Girona FC,FINISHED,0,2
PD,2024-04-27T14:15:00Z,UD Almería,Getafe CF,FINISHED,1,3
PD,2024-04-27T16:30:00Z,Deportivo Alavés,RC Celta de Vigo,FINISHED,3,0
PD,2024-04-27T19:00:00Z,Club Atlético de Madrid,Athletic Club,FINISHED,3,1
PD,2024-04-28T12:00:00Z,Cádiz CF,RCD Mallorca,FINISHED,1,1
PD,2024-04-28T14:15:00Z,Granada CF,CA Osasuna,FINISHED,3,0
PD,2024-04-28T16:30:00Z,Villarreal CF,Rayo Vallecano de Madrid,FINISHED,3,0
PD,2024-04-28T19:00:00Z,Real Betis Balompié,Sevilla FC,FINISHED,1,1
PD,2024-04-29T19:00:00Z,FC Barcelona,Valencia CF,FINISHED,4,2
PD,2024-05-03T19:00:00Z,Getafe CF,Athletic Club,FINISHED,0,2
PD,2024-05-04T12:00:00Z,Real Sociedad de Fútbol,UD Las Palmas,FINISHED,2,0
PD,2024-05-04T14:15:00Z,Real Madrid CF,Cádiz CF,FINISHED,3,0
PD,2024-05-04T16:30:00Z,Girona FC,FC Barcelona,FINISHED,4,2
PD,2024-05-04T19:00:00Z,RCD Mallorca,Club Atlético de Madrid,FINISHED,0,1
PD,2024-05-05T12:00:00Z,CA Osasuna,Real Betis Balompié,FINISHED,0,2
PD,2024-05-05T14:15:00Z,RC Celta de Vigo,Villarreal CF,FINISHED,3,2
PD,2024-05-05T16:30:00Z,Valencia CF,Deportivo Alavés,FINISHED,0,1
PD,2024-05-05T19:00:00Z,Sevilla FC,Granada CF,FINISHED,3,0
PD,2024-05-05T19:00:00Z,Rayo Vallecano de Madrid,UD Almería,FINISHED,0,1
PD,2024-05-10T19:00:00Z,Deportivo Alavés,Girona FC,FINISHED,2,2
PD,2024-05-11T12:00:00Z,RCD Mallorca,UD Las Palmas,FINISHED,1,0
PD,2024-05-11T14:15:00Z,Villarreal CF,Sevilla FC,FINISHED,3,2
PD,2024-05-11T16:30:00Z,Granada CF,Real Madrid CF,FINISHED,0,4
PD,2024-05-11T19:00:00Z,Athletic Club,CA Osasuna,FINISHED,2,2
PD,2024-05-12T12:00:00Z,Cádiz CF,Getafe CF,FINISHED,1,0
PD,2024-05-12T14:15:00Z,Club Atlético de Madrid,RC Celta de Vigo,FINISHED,1,0
PD,2024-05-12T16:30:00Z,Valencia CF,Rayo Vallecano de Madrid,FINISHED,0,0
PD,2024-05-12T19:00:00Z,Real Betis Balompié,UD Almería,FINISHED,3,2
PD,2024-05-13T19:00:00Z,FC Barcelona,Real Sociedad de Fútbol,FINISHED,2,0
PD,2024-05-14T17:30:00Z,CA Osasuna,RCD Mallorca,FINISHED,1,1
PD,2024-05-14T19:30:00Z,Real Madrid CF,Deportivo Alavés,FINISHED,5,0
PD,2024-05-14T20:00:00Z,Girona FC,Villarreal CF,FINISHED,0,1
PD,2024-05-15T17:30:00Z,Sevilla FC,Cádiz CF,FINISHED,0,1
PD,2024-05-15T17:30:00Z,Rayo Vallecano de Madrid,Granada CF,FINISHED,2,1
PD,2024-05-15T20:00:00Z,RC Celta de Vigo,Athletic Club,FINISHED,2,1
PD,2024-05-15T20:00:00Z,Getafe CF,Club Atlético de Madrid,FINISHED,0,3
PD,2024-05-16T17:30:00Z,UD Las Palmas,Real Betis Balompié,FINISHED,2,2
PD,2024-05-16T19:30:00Z,UD Almería,FC Barcelona,FINISHED,0,2
PD,2024-05-16T20:00:00Z,Real Sociedad de Fútbol,Valencia CF,FINISHED,1,0
PD,2024-05-18T19:00:00Z,Deportivo Alavés,Getafe CF,FINISHED,1,0
PD,2024-05-19T17:00:00Z,Athletic Club,Sevilla FC,FINISHED,2,0
PD,2024-05-19T17:00:00Z,Club Atlético de Madrid,CA Osasuna,FINISHED,1,4
PD,2024-05-19T17:00:00Z,Real Betis Balompié,Real Sociedad de Fútbol,FINISHED,0,2
PD,2024-05-19T17:00:00Z,FC Barcelona,Rayo Vallecano de Madrid,FINISHED,3,0
PD,2024-05-19T17:00:00Z,Cádiz CF,UD Las Palmas,FINISHED,0,0
PD,2024-05-19T17:00:00Z,Granada CF,RC Celta de Vigo,FINISHED,1,2
PD,2024-05-19T17:00:00Z,Valencia CF,Girona FC,FINISHED,1,3
PD,2024-05-19T17:00:00Z,Villarreal CF,Real Madrid CF,FINISHED,4,4
PD,2024-05-19T17:00:00Z,RCD Mallorca,UD Almería,FINISHED,2,2
PD,2024-05-24T19:00:00Z,Girona FC,Granada CF,FINISHED,7,0
PD,2024-05-25T12:00:00Z,CA Osasuna,Villarreal CF,FINISHED,1,1
PD,2024-05-25T14:15:00Z,Real Sociedad de Fútbol,Club Atlético de Madrid,FINISHED,0,2
PD,2024-05-25T16:30:00Z,Rayo Vallecano de Madrid,Athletic Club,FINISHED,0,1
PD,2024-05-25T16:30:00Z,UD Almería,Cádiz CF,FINISHED,6,1
PD,2024-05-25T19:00:00Z,Real Madrid CF,Real Betis Balompié,FINISHED,0,0
PD,2024-05-26T12:00:00Z,Getafe CF,RCD Mallorca,FINISHED,1,2
PD,2024-05-26T14:15:00Z,RC Celta de Vigo,Valencia CF,FINISHED,2,2
PD,2024-05-26T14:15:00Z,UD Las Palmas,Deportivo Alavés,FINISHED,1,1
PD,2024-05-26T19:00:00Z,Sevilla FC,FC Barcelona,FINISHED,1,2
BL1,2023-08-18T18:30:00Z,SV Werder Bremen,FC Bayern München,FINISHED,0,4
BL1,2023-08-19T13:30:00Z,Bayer 04 Leverkusen,RB Leipzig,FINISHED,3,2
BL1,2023-08-19T13:30:00Z,VfL Wolfsburg,1. FC Heidenheim 1846,FINISHED,2,0
BL1,2023-08-19T13:30:00Z,TSG 1899 Hoffenheim,SC Freiburg,FINISHED,1,2
BL1,2023-08-19T13:30:00Z,FC Augsburg,Borussia Mönchengladbach,FINISHED,4,4
BL1,2023-08-19T13:30:00Z,VfB Stuttgart,VfL Bochum 1848,FINISHED,5,0
BL1,2023-08-19T16:30:00Z,Borussia Dortmund,1. FC Köln,FINISHED,1,0
BL1,2023-08-20T13:30:00Z,1. FC Union Berlin,1. FSV Mainz 05,FINISHED,4,1
BL1,2023-08-20T15:30:00Z,Eintracht Frankfurt,SV Darmstadt 98,FINISHED,1,0
BL1,2023-08-25T18:30:00Z,RB Leipzig,VfB Stuttgart,FINISHED,5,1
BL1,2023-08-26T13:30:00Z,SC Freiburg,SV Werder Bremen,FINISHED,1,0
BL1,2023-08-26T13:30:00Z,1. FC Köln,VfL Wolfsburg,FINISHED,1,2
BL1,2023-08-26T13:30:00Z,VfL Bochum 1848,Borussia Dortmund,FINISHED,1,1
BL1,2023-08-26T13:30:00Z,1. FC Heidenheim 1846,TSG 1899 Hoffenheim,FINISHED,2,3
BL1,2023-08-26T13:30:00Z,SV Darmstadt 98,1. FC Union Berlin,FINISHED,1,4
BL1,2023-08-26T16:30:00Z,Borussia Mönchengladbach,Bayer 04 Leverkusen,FINISHED,0,3
BL1,2023-08-27T13:30:00Z,1. FSV Mainz 05,Eintracht Frankfurt,FINISHED,1,1
BL1,2023-08-27T15:30:00Z,FC Bayern München,FC Augsburg,FINISHED,3,1
BL1,2023-09-01T18:30:00Z,Borussia Dortmund,1. FC Heidenheim 1846,FINISHED,2,2
BL1,2023-09-02T13:30:00Z,Bayer 04 Leverkusen,SV Darmstadt 98,FINISHED,5,1
BL1,2023-09-02T13:30:00Z,TSG 1899 Hoffenheim,VfL Wolfsburg,FINISHED,3,1
BL1,2023-09-02T13:30:00Z,SV Werder Bremen,1. FSV Mainz 05,FINISHED,4,0
BL1,2023-09-02T13:30:00Z,FC Augsburg,VfL Bochum 1848,FINISHED,2,2
BL1,2023-09-02T13:30:00Z,VfB Stuttgart,SC Freiburg,FINISHED,5,0
BL1,2023-09-02T16:30:00Z,Borussia Mönchengladbach,FC Bayern München,FINISHED,1,2
BL1,2023-09-03T13:30:00Z,Eintracht Frankfurt,1. FC Köln,FINISHED,1,1
BL1,2023-09-03T15:30:00Z,1. FC Union Berlin,RB Leipzig,FINISHED,0,3
BL1,2023-09-15T18:30:00Z,FC Bayern München,Bayer 04 Leverkusen,FINISHED,2,2
BL1,2023-09-16T13:30:00Z,RB Leipzig,FC Augsburg,FINISHED,3,0
BL1,2023-09-16T13:30:00Z,SC Freiburg,Borussia Dortmund,FINISHED,2,4
BL1,2023-09-16T13:30:00Z,VfL Wolfsburg,1. FC Union Berlin,FINISHED,2,1
BL1,2023-09-16T13:30:00Z,1. FSV Mainz 05,VfB Stuttgart,FINISHED,1,3
BL1,2023-09-16T13:30:00Z,1. FC Köln,TSG 1899 Hoffenheim,FINISHED,1,3
BL1,2023-09-16T16:30:00Z,VfL Bochum 1848,Eintracht Frankfurt,FINISHED,1,1
BL1,2023-09-17T13:30:00Z,1. FC Heidenheim 1846,SV Werder Bremen,FINISHED,4,2
BL1,2023-09-17T15:30:00Z,SV Darmstadt 98,Borussia Mönchengladbach,FINISHED,3,3
BL1,2023-09-22T18:30:00Z,VfB Stuttgart,SV Darmstadt 98,FINISHED,3,1
BL1,2023-09-23T13:30:00Z,FC Bayern München,VfL Bochum 1848,FINISHED,7,0
BL1,2023-09-23T13:30:00Z,Borussia Dortmund,VfL Wolfsburg,FINISHED,1,0
BL1,2023-09-23T13:30:00Z,1. FC Union Berlin,TSG 1899 Hoffenheim,FINISHED,0,2
BL1,2023-09-23T13:30:00Z,Borussia Mönchengladbach,RB Leipzig,FINISHED,0,1
BL1,2023-09-23T13:30:00Z,FC Augsburg,1. FSV Mainz 05,FINISHED,2,1
BL1,2023-09-23T16:30:00Z,SV Werder Bremen,1. FC Köln,FINISHED,2,1
BL1,2023-09-24T13:30:00Z,Bayer 04 Leverkusen,1. FC Heidenheim 1846,FINISHED,4,1
BL1,2023-09-24T15:30:00Z,Eintracht Frankfurt,SC Freiburg,FINISHED,0,0
BL1,2023-09-29T18:30:00Z,TSG 1899 Hoffenheim,Borussia Dortmund,FINISHED,1,3
BL1,2023-09-30T13:30:00Z,VfL Wolfsburg,Eintracht Frankfurt,FINISHED,2,0
BL1,2023-09-30T13:30:00Z,1. FSV Mainz 05,Bayer 04 Leverkusen,FINISHED,0,3
BL1,2023-09-30T13:30:00Z,1. FC Köln,VfB Stuttgart,FINISHED,0,2
BL1,2023-09-30T13:30:00Z,VfL Bochum 1848,Borussia Mönchengladbach,FINISHED,1,3
BL1,2023-09-30T13:30:00Z,1. FC Heidenheim 1846,1. FC Union Berlin,FINISHED,1,0
BL1,2023-09-30T16:30:00Z,RB Leipzig,FC Bayern München,FINISHED,2,2
BL1,2023-10-01T13:30:00Z,SV Darmstadt 98,SV Werder Bremen,FINISHED,4,2
BL1,2023-10-01T15:30:00Z,SC Freiburg,FC Augsburg,FINISHED,2,0
BL1,2023-10-06T18:30:00Z,Borussia Mönchengladbach,1. FSV Mainz 05,FINISHED,2,2
BL1,2023-10-07T13:30:00Z,Borussia Dortmund,1. FC Union Berlin,FINISHED,4,2
BL1,2023-10-07T13:30:00Z,RB Leipzig,VfL Bochum 1848,FINISHED,0,0
BL1,2023-10-07T13:30:00Z,FC Augsburg,SV Darmstadt 98,FINISHED,1,2
BL1,2023-10-07T13:30:00Z,VfB Stuttgart,VfL Wolfsburg,FINISHED,3,1
BL1,2023-10-07T16:30:00Z,SV Werder Bremen,TSG 1899 Hoffenheim,FINISHED,2,3
BL1,2023-10-08T13:30:00Z,Bayer 04 Leverkusen,1. FC Köln,FINISHED,3,0
BL1,2023-10-08T15:30:00Z,FC Bayern München,SC Freiburg,FINISHED,3,0
BL1,2023-10-08T17:30:00Z,Eintracht Frankfurt,1. FC Heidenheim 1846,FINISHED,2,0
BL1,2023-10-20T18:30:00Z,Borussia Dortmund,SV Werder Bremen,FINISHED,1,0
BL1,2023-10-21T13:30:00Z,TSG 1899 Hoffenheim,Eintracht Frankfurt,FINISHED,1,3
BL1,2023-10-21T13:30:00Z,SV Darmstadt 98,RB Leipzig,FINISHED,1,3
BL1,2023-10-21T13:30:00Z,1. FC Union Berlin,VfB Stuttgart,FINISHED,0,3
BL1,2023-10-21T13:30:00Z,SC Freiburg,VfL Bochum 1848,FINISHED,2,1
BL1,2023-10-21T13:30:00Z,VfL Wolfsburg,Bayer 04 Leverkusen,FINISHED,1,2
BL1,2023-10-21T16:30:00Z,1. FSV Mainz 05,FC Bayern München,FINISHED,1,3
BL1,2023-10-22T13:30:00Z,1. FC Köln,Borussia Mönchengladbach,FINISHED,3,1
BL1,2023-10-22T15:30:00Z,1. FC Heidenheim 1846,FC Augsburg,FINISHED,2,5
BL1,2023-10-27T18:30:00Z,VfL Bochum 1848,1. FSV Mainz 05,FINISHED,2,2
BL1,2023-10-28T13:30:00Z,FC Bayern München,SV Darmstadt 98,FINISHED,8,0
BL1,2023-10-28T13:30:00Z,Borussia Mönchengladbach,1. FC Heidenheim 1846,FINISHED,2,1
BL1,2023-10-28T13:30:00Z,SV Werder Bremen,1. FC Union Berlin,FINISHED,2,0
BL1,2023-10-28T13:30:00Z,FC Augsburg,VfL Wolfsburg,FINISHED,3,2
BL1,2023-10-28T13:30:00Z,VfB Stuttgart,TSG 1899 Hoffenheim,FINISHED,2,3
BL1,2023-10-28T16:30:00Z,RB Leipzig,1. FC Köln,FINISHED,6,0
BL1,2023-10-29T14:30:00Z,Eintracht Frankfurt,Borussia Dortmund,FINISHED,3,3
BL1,2023-10-29T16:30:00Z,Bayer 04 Leverkusen,SC Freiburg,FINISHED,2,1
BL1,2023-11-03T19:30:00Z,SV Darmstadt 98,VfL Bochum 1848,FINISHED,1,2
BL1,2023-11-04T14:30:00Z,1. FC Union Berlin,Eintracht Frankfurt,FINISHED,0,3
BL1,2023-11-04T14:30:00Z,SC Freiburg,Borussia Mönchengladbach,FINISHED,3,3
BL1,2023-11-04T14:30:00Z,1. FSV Mainz 05,RB Leipzig,FINISHED,2,0
BL1,2023-11-04T14:30:00Z,1. FC Köln,FC Augsburg,FINISHED,1,1
BL1,2023-11-04T14:30:00Z,TSG 1899 Hoffenheim,Bayer 04 Leverkusen,FINISHED,2,3
BL1,2023-11-04T17:30:00Z,Borussia Dortmund,FC Bayern München,FINISHED,0,4
BL1,2023-11-05T14:30:00Z,VfL Wolfsburg,SV Werder Bremen,FINISHED,2,2
BL1,2023-11-05T16:30:00Z,1. FC Heidenheim 1846,VfB Stuttgart,FINISHED,2,0
BL1,2023-11-10T19:30:00Z,Borussia Mönchengladbach,VfL Wolfsburg,FINISHED,4,0
BL1,2023-11-11T14:30:00Z,FC Bayern München,1. FC Heidenheim 1846,FINISHED,4,2
BL1,2023-11-11T14:30:00Z,FC Augsburg,TSG 1899 Hoffenheim,FINISHED,1,1
BL1,2023-11-11T14:30:00Z,VfB Stuttgart,Borussia Dortmund,FINISHED,2,1
BL1,2023-11-11T14:30:00Z,SV Darmstadt 98,1. FSV Mainz 05,FINISHED,0,0
BL1,2023-11-11T17:30:00Z,VfL Bochum 1848,1. FC Köln,FINISHED,1,1
BL1,2023-11-12T14:30:00Z,Bayer 04 Leverkusen,1. FC Union Berlin,FINISHED,4,0
BL1,2023-11-12T16:30:00Z,SV Werder Bremen,Eintracht Frankfurt,FINISHED,2,2
BL1,2023-11-12T18:30:00Z,RB Leipzig,SC Freiburg,FINISHED,3,1
BL1,2023-11-24T19:30:00Z,1. FC Köln,FC Bayern München,FINISHED,0,1
BL1,2023-11-25T14:30:00Z,Borussia Dortmund,Borussia Mönchengladbach,FINISHED,4,2
BL1,2023-11-25T14:30:00Z,1. FC Union Berlin,FC Augsburg,FINISHED,1,1
BL1,2023-11-25T14:30:00Z,SC Freiburg,SV Darmstadt 98,FINISHED,1,1
BL1,2023-11-25T14:30:00Z,VfL Wolfsburg,RB Leipzig,FINISHED,2,1
BL1,2023-11-25T14:30:00Z,SV Werder Bremen,Bayer 04 Leverkusen,FINISHED,0,3
BL1,2023-11-25T17:30:00Z,Eintracht Frankfurt,VfB Stuttgart,FINISHED,1,2
BL1,2023-11-26T14:30:00Z,1. FC Heidenheim 1846,VfL Bochum 1848,FINISHED,0,0
BL1,2023-11-26T16:30:00Z,TSG 1899 Hoffenheim,1. FSV Mainz 05,FINISHED,1,1
BL1,2023-12-01T19:30:00Z,SV Darmstadt 98,1. FC Köln,FINISHED,0,1
BL1,2023-12-02T14:30:00Z,RB Leipzig,1. FC Heidenheim 1846,FINISHED,2,1
BL1,2023-12-02T14:30:00Z,Borussia Mönchengladbach,TSG 1899 Hoffenheim,FINISHED,2,1
BL1,2023-12-02T14:30:00Z,VfL Bochum 1848,VfL Wolfsburg,FINISHED,3,1
BL1,2023-12-02T17:30:00Z,VfB Stuttgart,SV Werder Bremen,FINISHED,2,0
BL1,2023-12-03T14:30:00Z,1. FSV Mainz 05,SC Freiburg,FINISHED,0,1
BL1,2023-12-03T16:30:00Z,Bayer 04 Leverkusen,Borussia Dortmund,FINISHED,1,1
BL1,2023-12-03T18:30:00Z,FC Augsburg,Eintracht Frankfurt,FINISHED,2,1
BL1,2023-12-08T19:30:00Z,TSG 1899 Hoffenheim,VfL Bochum 1848,FINISHED,3,1
BL1,2023-12-09T14:30:00Z,1. FC Union Berlin,Borussia Mönchengladbach,FINISHED,3,1
BL1,2023-12-09T14:30:00Z,Eintracht Frankfurt,FC Bayern München,FINISHED,5,1
BL1,2023-12-09T14:30:00Z,VfL Wolfsburg,SC Freiburg,FINISHED,0,1
BL1,2023-12-09T14:30:00Z,SV Werder Bremen,FC Augsburg,FINISHED,2,0
BL1,2023-12-09T14:30:00Z,1. FC Heidenheim 1846,SV Darmstadt 98,FINISHED,3,2
BL1,2023-12-09T17:30:00Z,Borussia Dortmund,RB Leipzig,FINISHED,2,3
BL1,2023-12-10T14:30:00Z,VfB Stuttgart,Bayer 04 Leverkusen,FINISHED,1,1
BL1,2023-12-10T16:30:00Z,1. FC Köln,1. FSV Mainz 05,FINISHED,0,0
BL1,2023-12-15T19:30:00Z,Borussia Mönchengladbach,SV Werder Bremen,FINISHED,2,2
BL1,2023-12-16T14:30:00Z,1. FSV Mainz 05,1. FC Heidenheim 1846,FINISHED,0,1
BL1,2023-12-16T14:30:00Z,VfL Bochum 1848,1. FC Union Berlin,FINISHED,3,0
BL1,2023-12-16T14:30:00Z,FC Augsburg,Borussia Dortmund,FINISHED,1,1
BL1,2023-12-16T14:30:00Z,SV Darmstadt 98,VfL Wolfsburg,FINISHED,0,1
BL1,2023-12-16T17:30:00Z,RB Leipzig,TSG 1899 Hoffenheim,FINISHED,3,1
BL1,2023-12-17T14:30:00Z,SC Freiburg,1. FC Köln,FINISHED,2,0
BL1,2023-12-17T16:30:00Z,Bayer 04 Leverkusen,Eintracht Frankfurt,FINISHED,3,0
BL1,2023-12-17T18:30:00Z,FC Bayern München,VfB Stuttgart,FINISHED,3,0
BL1,2023-12-19T17:30:00Z,SV Werder Bremen,RB Leipzig,FINISHED,1,1
BL1,2023-12-19T19:30:00Z,Borussia Dortmund,1. FSV Mainz 05,FINISHED,1,1
BL1,2023-12-19T19:30:00Z,TSG 1899 Hoffenheim,SV Darmstadt 98,FINISHED,3,3
BL1,2023-12-20T17:30:00Z,1. FC Union Berlin,1. FC Köln,FINISHED,2,0
BL1,2023-12-20T19:30:00Z,Bayer 04 Leverkusen,VfL Bochum 1848,FINISHED,4,0
BL1,2023-12-20T19:30:00Z,Eintracht Frankfurt,Borussia Mönchengladbach,FINISHED,2,1
BL1,2023-12-20T19:30:00Z,VfL Wolfsburg,FC Bayern München,FINISHED,1,2
BL1,2023-12-20T19:30:00Z,VfB Stuttgart,FC Augsburg,FINISHED,3,0
BL1,2023-12-20T19:30:00Z,1. FC Heidenheim 1846,SC Freiburg,FINISHED,3,2
BL1,2024-01-12T19:30:00Z,FC Bayern München,TSG 1899 Hoffenheim,FINISHED,3,0
BL1,2024-01-13T14:30:00Z,RB Leipzig,Eintracht Frankfurt,FINISHED,0,1
BL1,2024-01-13T14:30:00Z,SC Freiburg,1. FC Union Berlin,FINISHED,0,0
BL1,2024-01-13T14:30:00Z,1. FSV Mainz 05,VfL Wolfsburg,FINISHED,1,1
BL1,2024-01-13T14:30:00Z,1. FC Köln,1. FC Heidenheim 1846,FINISHED,1,1
BL1,2024-01-13T14:30:00Z,FC Augsburg,Bayer 04 Leverkusen,FINISHED,0,1
BL1,2024-01-13T17:30:00Z,SV Darmstadt 98,Borussia Dortmund,FINISHED,0,3
BL1,2024-01-14T14:30:00Z,VfL Bochum 1848,SV Werder Bremen,FINISHED,1,1
BL1,2024-01-14T16:30:00Z,Borussia Mönchengladbach,VfB Stuttgart,FINISHED,3,1
BL1,2024-01-20T14:30:00Z,1. FC Köln,Borussia Dortmund,FINISHED,0,4
BL1,2024-01-20T14:30:00Z,SV Darmstadt 98,Eintracht Frankfurt,FINISHED,2,2
BL1,2024-01-20T14:30:00Z,1. FC Heidenheim 1846,VfL Wolfsburg,FINISHED,1,1
BL1,2024-01-20T14:30:00Z,SC Freiburg,TSG 1899 Hoffenheim,FINISHED,3,2
BL1,2024-01-20T14:30:00Z,VfL Bochum 1848,VfB Stuttgart,FINISHED,1,0
BL1,2024-01-20T17:30:00Z,RB Leipzig,Bayer 04 Leverkusen,FINISHED,2,3
BL1,2024-01-21T14:30:00Z,FC Bayern München,SV Werder Bremen,FINISHED,0,1
BL1,2024-01-21T16:30:00Z,Borussia Mönchengladbach,FC Augsburg,FINISHED,1,2
BL1,2024-01-24T19:30:00Z,FC Bayern München,1. FC Union Berlin,FINISHED,1,0
BL1,2024-01-26T19:30:00Z,Eintracht Frankfurt,1. FSV Mainz 05,FINISHED,1,0
BL1,2024-01-27T14:30:00Z,FC Augsburg,FC Bayern München,FINISHED,2,3
BL1,2024-01-27T14:30:00Z,VfB Stuttgart,RB Leipzig,FINISHED,5,2
BL1,2024-01-27T14:30:00Z,SV Werder Bremen,SC Freiburg,FINISHED,3,1
BL1,2024-01-27T14:30:00Z,VfL Wolfsburg,1. FC Köln,FINISHED,1,1
BL1,2024-01-27T14:30:00Z,TSG 1899 Hoffenheim,1. FC Heidenheim 1846,FINISHED,1,1
BL1,2024-01-27T17:30:00Z,Bayer 04 Leverkusen,Borussia Mönchengladbach,FINISHED,0,0
BL1,2024-01-28T14:30:00Z,1. FC Union Berlin,SV Darmstadt 98,FINISHED,1,0
BL1,2024-01-28T16:30:00Z,Borussia Dortmund,VfL Bochum 1848,FINISHED,3,1
BL1,2024-02-02T19:30:00Z,1. FC Heidenheim 1846,Borussia Dortmund,FINISHED,0,0
BL1,2024-02-03T14:30:00Z,SV Darmstadt 98,Bayer 04 Leverkusen,FINISHED,0,2
BL1,2024-02-03T14:30:00Z,FC Bayern München,Borussia Mönchengladbach,FINISHED,3,1
BL1,2024-02-03T14:30:00Z,1. FSV Mainz 05,SV Werder Bremen,FINISHED,0,1
BL1,2024-02-03T14:30:00Z,VfL Bochum 1848,FC Augsburg,FINISHED,1,1
BL1,2024-02-03T14:30:00Z,SC Freiburg,VfB Stuttgart,FINISHED,1,3
BL1,2024-02-03T17:30:00Z,1. FC Köln,Eintracht Frankfurt,FINISHED,2,0
BL1,2024-02-04T14:30:00Z,VfL Wolfsburg,TSG 1899 Hoffenheim,FINISHED,2,2
BL1,2024-02-04T16:30:00Z,RB Leipzig,1. FC Union Berlin,FINISHED,2,0
BL1,2024-02-07T17:30:00Z,1. FSV Mainz 05,1. FC Union Berlin,FINISHED,1,1
BL1,2024-02-09T19:30:00Z,Borussia Dortmund,SC Freiburg,FINISHED,3,0
BL1,2024-02-10T14:30:00Z,FC Augsburg,RB Leipzig,FINISHED,2,2
BL1,2024-02-10T14:30:00Z,1. FC Union Berlin,VfL Wolfsburg,FINISHED,1,0
BL1,2024-02-10T14:30:00Z,Eintracht Frankfurt,VfL Bochum 1848,FINISHED,1,1
BL1,2024-02-10T14:30:00Z,SV Werder Bremen,1. FC Heidenheim 1846,FINISHED,1,2
BL1,2024-02-10T14:30:00Z,Borussia Mönchengladbach,SV Darmstadt 98,FINISHED,0,0
BL1,2024-02-10T17:30:00Z,Bayer 04 Leverkusen,FC Bayern München,FINISHED,3,0
BL1,2024-02-11T14:30:00Z,VfB Stuttgart,1. FSV Mainz 05,FINISHED,3,1
BL1,2024-02-11T16:30:00Z,TSG 1899 Hoffenheim,1. FC Köln,FINISHED,1,1
BL1,2024-02-16T19:30:00Z,1. FC Köln,SV Werder Bremen,FINISHED,0,1
BL1,2024-02-17T14:30:00Z,VfL Wolfsburg,Borussia Dortmund,FINISHED,1,1
BL1,2024-02-17T14:30:00Z,TSG 1899 Hoffenheim,1. FC Union Berlin,FINISHED,0,1
BL1,2024-02-17T14:30:00Z,1. FC Heidenheim 1846,Bayer 04 Leverkusen,FINISHED,1,2
BL1,2024-02-17T14:30:00Z,1. FSV Mainz 05,FC Augsburg,FINISHED,1,0
BL1,2024-02-17T14:30:00Z,SV Darmstadt 98,VfB Stuttgart,FINISHED,1,2
BL1,2024-02-17T17:30:00Z,RB Leipzig,Borussia Mönchengladbach,FINISHED,2,0
BL1,2024-02-18T14:30:00Z,SC Freiburg,Eintracht Frankfurt,FINISHED,3,3
BL1,2024-02-18T16:30:00Z,VfL Bochum 1848,FC Bayern München,FINISHED,3,2
BL1,2024-02-23T19:30:00Z,Bayer 04 Leverkusen,1. FSV Mainz 05,FINISHED,2,1
BL1,2024-02-24T14:30:00Z,VfB Stuttgart,1. FC Köln,FINISHED,1,1
BL1,2024-02-24T14:30:00Z,1. FC Union Berlin,1. FC Heidenheim 1846,FINISHED,2,2
BL1,2024-02-24T14:30:00Z,SV Werder Bremen,SV Darmstadt 98,FINISHED,1,1
BL1,2024-02-24T14:40:00Z,Borussia Mönchengladbach,VfL Bochum 1848,FINISHED,5,2
BL1,2024-02-24T17:30:00Z,FC Bayern München,RB Leipzig,FINISHED,2,1
BL1,2024-02-25T14:30:00Z,Eintracht Frankfurt,VfL Wolfsburg,FINISHED,2,2
BL1,2024-02-25T16:30:00Z,Borussia Dortmund,TSG 1899 Hoffenheim,FINISHED,2,3
BL1,2024-02-25T18:30:00Z,FC Augsburg,SC Freiburg,FINISHED,2,1
BL1,2024-03-01T19:30:00Z,SC Freiburg,FC Bayern München,FINISHED,2,2
BL1,2024-03-02T14:30:00Z,1. FC Union Berlin,Borussia Dortmund,FINISHED,0,2
BL1,2024-03-02T14:30:00Z,VfL Bochum 1848,RB Leipzig,FINISHED,1,4
BL1,2024-03-02T14:30:00Z,1. FC Heidenheim 1846,Eintracht Frankfurt,FINISHED,1,2
BL1,2024-03-02T14:30:00Z,1. FSV Mainz 05,Borussia Mönchengladbach,FINISHED,1,1
BL1,2024-03-02T14:30:00Z,SV Darmstadt 98,FC Augsburg,FINISHED,0,6
BL1,2024-03-02T17:30:00Z,VfL Wolfsburg,VfB Stuttgart,FINISHED,2,3
BL1,2024-03-03T14:30:00Z,1. FC Köln,Bayer 04 Leverkusen,FINISHED,0,2
BL1,2024-03-03T16:30:00Z,TSG 1899 Hoffenheim,SV Werder Bremen,FINISHED,2,1
BL1,2024-03-08T19:30:00Z,VfB Stuttgart,1. FC Union Berlin,FINISHED,2,0
BL1,2024-03-09T14:30:00Z,FC Bayern München,1. FSV Mainz 05,FINISHED,8,1
BL1,2024-03-09T14:30:00Z,Borussia Mönchengladbach,1. FC Köln,FINISHED,3,3
BL1,2024-03-09T14:30:00Z,FC Augsburg,1. FC Heidenheim 1846,FINISHED,1,0
BL1,2024-03-09T14:30:00Z,RB Leipzig,SV Darmstadt 98,FINISHED,2,0
BL1,2024-03-09T17:30:00Z,SV Werder Bremen,Borussia Dortmund,FINISHED,1,2
BL1,2024-03-10T14:30:00Z,VfL Bochum 1848,SC Freiburg,FINISHED,1,2
BL1,2024-03-10T16:30:00Z,Eintracht Frankfurt,TSG 1899 Hoffenheim,FINISHED,3,1
BL1,2024-03-10T18:30:00Z,Bayer 04 Leverkusen,VfL Wolfsburg,FINISHED,2,0
BL1,2024-03-15T19:30:00Z,1. FC Köln,RB Leipzig,FINISHED,1,5
BL1,2024-03-16T14:30:00Z,SV Darmstadt 98,FC Bayern München,FINISHED,2,5
BL1,2024-03-16T14:30:00Z,1. FC Heidenheim 1846,Borussia Mönchengladbach,FINISHED,1,1
BL1,2024-03-16T14:30:00Z,1. FC Union Berlin,SV Werder Bremen,FINISHED,2,1
BL1,2024-03-16T14:30:00Z,1. FSV Mainz 05,VfL Bochum 1848,FINISHED,2,0
BL1,2024-03-16T14:30:00Z,VfL Wolfsburg,FC Augsburg,FINISHED,1,3
BL1,2024-03-16T17:30:00Z,TSG 1899 Hoffenheim,VfB Stuttgart,FINISHED,0,3
BL1,2024-03-17T14:30:00Z,SC Freiburg,Bayer 04 Leverkusen,FINISHED,2,3
BL1,2024-03-17T16:30:00Z,Borussia Dortmund,Eintracht Frankfurt,FINISHED,3,1
BL1,2024-03-30T14:30:00Z,Eintracht Frankfurt,1. FC Union Berlin,FINISHED,0,0
BL1,2024-03-30T14:30:00Z,Borussia Mönchengladbach,SC Freiburg,FINISHED,0,3
BL1,2024-03-30T14:30:00Z,SV Werder Bremen,VfL Wolfsburg,FINISHED,0,2
BL1,2024-03-30T14:30:00Z,RB Leipzig,1. FSV Mainz 05,FINISHED,0,0
BL1,2024-03-30T14:30:00Z,Bayer 04 Leverkusen,TSG 1899 Hoffenheim,FINISHED,2,1
BL1,2024-03-30T17:30:00Z,FC Bayern München,Borussia Dortmund,FINISHED,0,2
BL1,2024-03-31T13:30:00Z,FC Augsburg,1. FC Köln,FINISHED,1,1
BL1,2024-03-31T15:30:00Z,VfB Stuttgart,1. FC Heidenheim 1846,FINISHED,3,3
BL1,2024-03-31T17:30:00Z,VfL Bochum 1848,SV Darmstadt 98,FINISHED,2,2
BL1,2024-04-05T18:30:00Z,Eintracht Frankfurt,SV Werder Bremen,FINISHED,1,1
BL1,2024-04-06T13:30:00Z,1. FC Heidenheim 1846,FC Bayern München,FINISHED,3,2
BL1,2024-04-06T13:30:00Z,SC Freiburg,RB Leipzig,FINISHED,1,4
BL1,2024-04-06T13:30:00Z,1. FC Union Berlin,Bayer 04 Leverkusen,FINISHED,0,1
BL1,2024-04-06T13:30:00Z,1. FC Köln,VfL Bochum 1848,FINISHED,2,1
BL1,2024-04-06T13:30:00Z,1. FSV Mainz 05,SV Darmstadt 98,FINISHED,4,0
BL1,2024-04-06T16:30:00Z,Borussia Dortmund,VfB Stuttgart,FINISHED,0,1
BL1,2024-04-07T13:30:00Z,TSG 1899 Hoffenheim,FC Augsburg,FINISHED,3,1
BL1,2024-04-07T15:30:00Z,VfL Wolfsburg,Borussia Mönchengladbach,FINISHED,1,3
BL1,2024-04-12T18:30:00Z,FC Augsburg,1. FC Union Berlin,FINISHED,2,0
BL1,2024-04-13T13:30:00Z,Borussia Mönchengladbach,Borussia Dortmund,FINISHED,1,2
BL1,2024-04-13T13:30:00Z,RB Leipzig,VfL Wolfsburg,FINISHED,3,0
BL1,2024-04-13T13:30:00Z,FC Bayern München,1. FC Köln,FINISHED,2,0
BL1,2024-04-13T13:30:00Z,1. FSV Mainz 05,TSG 1899 Hoffenheim,FINISHED,4,1
BL1,2024-04-13T13:30:00Z,VfL Bochum 1848,1. FC Heidenheim 1846,FINISHED,1,1
BL1,2024-04-13T16:30:00Z,VfB Stuttgart,Eintracht Frankfurt,FINISHED,3,0
BL1,2024-04-14T13:30:00Z,SV Darmstadt 98,SC Freiburg,FINISHED,0,1
BL1,2024-04-14T15:30:00Z,Bayer 04 Leverkusen,SV Werder Bremen,FINISHED,5,0
BL1,2024-04-19T18:30:00Z,Eintracht Frankfurt,FC Augsburg,FINISHED,3,1
BL1,2024-04-20T13:30:00Z,1. FC Heidenheim 1846,RB Leipzig,FINISHED,1,2
BL1,2024-04-20T13:30:00Z,TSG 1899 Hoffenheim,Borussia Mönchengladbach,FINISHED,4,3
BL1,2024-04-20T13:30:00Z,VfL Wolfsburg,VfL Bochum 1848,FINISHED,1,0
BL1,2024-04-20T13:30:00Z,1. FC Köln,SV Darmstadt 98,FINISHED,0,2
BL1,2024-04-20T16:30:00Z,1. FC Union Berlin,FC Bayern München,FINISHED,1,5
BL1,2024-04-21T13:30:00Z,SV Werder Bremen,VfB Stuttgart,FINISHED,2,1
BL1,2024-04-21T15:30:00Z,Borussia Dortmund,Bayer 04 Leverkusen,FINISHED,1,1
BL1,2024-04-21T17:30:00Z,SC Freiburg,1. FSV Mainz 05,FINISHED,1,1
BL1,2024-04-26T18:30:00Z,VfL Bochum 1848,TSG 1899 Hoffenheim,FINISHED,3,2
BL1,2024-04-27T13:30:00Z,RB Leipzig,Borussia Dortmund,FINISHED,4,1
BL1,2024-04-27T13:30:00Z,FC Bayern München,Eintracht Frankfurt,FINISHED,2,1
BL1,2024-04-27T13:30:00Z,SC Freiburg,VfL Wolfsburg,FINISHED,1,2
BL1,2024-04-27T13:30:00Z,FC Augsburg,SV Werder Bremen,FINISHED,0,3
BL1,2024-04-27T16:30:00Z,Bayer 04 Leverkusen,VfB Stuttgart,FINISHED,2,2
BL1,2024-04-28T13:30:00Z,Borussia Mönchengladbach,1. FC Union Berlin,FINISHED,0,0
BL1,2024-04-28T15:30:00Z,1. FSV Mainz 05,1. FC Köln,FINISHED,1,1
BL1,2024-04-28T17:30:00Z,SV Darmstadt 98,1. FC Heidenheim 1846,FINISHED,0,1
BL1,2024-05-03T18:30:00Z,TSG 1899 Hoffenheim,RB Leipzig,FINISHED,1,1
BL1,2024-05-04T13:30:00Z,VfB Stuttgart,FC Bayern München,FINISHED,3,1
BL1,2024-05-04T13:30:00Z,SV Werder Bremen,Borussia Mönchengladbach,FINISHED,2,2
BL1,2024-05-04T13:30:00Z,Borussia Dortmund,FC Augsburg,FINISHED,5,1
BL1,2024-05-04T13:30:00Z,VfL Wolfsburg,SV Darmstadt 98,FINISHED,3,0
BL1,2024-05-04T16:30:00Z,1. FC Köln,SC Freiburg,FINISHED,0,0
BL1,2024-05-05T13:30:00Z,1. FC Union Berlin,VfL Bochum 1848,FINISHED,3,4
BL1,2024-05-05T15:30:00Z,Eintracht Frankfurt,Bayer 04 Leverkusen,FINISHED,1,5
BL1,2024-05-05T17:30:00Z,1. FC Heidenheim 1846,1. FSV Mainz 05,FINISHED,1,1
BL1,2024-05-10T18:30:00Z,FC Augsburg,VfB Stuttgart,FINISHED,0,1
BL1,2024-05-11T13:30:00Z,1. FC Köln,1. FC Union Berlin,FINISHED,3,2
BL1,2024-05-11T13:30:00Z,Borussia Mönchengladbach,Eintracht Frankfurt,FINISHED,1,1
BL1,2024-05-11T13:30:00Z,RB Leipzig,SV Werder Bremen,FINISHED,1,1
BL1,2024-05-11T13:30:00Z,SC Freiburg,1. FC Heidenheim 1846,FINISHED,1,1
BL1,2024-05-11T16:30:00Z,1. FSV Mainz 05,Borussia Dortmund,FINISHED,3,0
BL1,2024-05-12T13:30:00Z,SV Darmstadt 98,TSG 1899 Hoffenheim,FINISHED,0,6
BL1,2024-05-12T15:30:00Z,FC Bayern München,VfL Wolfsburg,FINISHED,2,0
BL1,2024-05-12T17:30:00Z,VfL Bochum 1848,Bayer 04 Leverkusen,FINISHED,0,5
BL1,2024-05-18T13:30:00Z,TSG 1899 Hoffenheim,FC Bayern München,FINISHED,4,2
BL1,2024-05-18T13:30:00Z,Eintracht Frankfurt,RB Leipzig,FINISHED,2,2
BL1,2024-05-18T13:30:00Z,1. FC Union Berlin,SC Freiburg,FINISHED,2,1
BL1,2024-05-18T13:30:00Z,VfL Wolfsburg,1. FSV Mainz 05,FINISHED,1,3
BL1,2024-05-18T13:30:00Z,VfB Stuttgart,Borussia Mönchengladbach,FINISHED,4,0
BL1,2024-05-18T13:30:00Z,1. FC Heidenheim 1846,1. FC Köln,FINISHED,4,1
BL1,2024-05-18T13:30:00Z,SV Werder Bremen,VfL Bochum 1848,FINISHED,4,1
BL1,2024-05-18T13:30:00Z,Bayer 04 Leverkusen,FC Augsburg,FINISHED,2,1
BL1,2024-05-18T13:30:00Z,Borussia Dortmund,SV Darmstadt 98,FINISHED,4,0
SA,2023-08-19T16:30:00Z,Empoli FC,Hellas Verona FC,FINISHED,0,1
SA,2023-08-19T16:30:00Z,Frosinone Calcio,SSC Napoli,FINISHED,1,3
SA,2023-08-19T18:45:00Z,Genoa CFC,ACF Fiorentina,FINISHED,1,4
SA,2023-08-19T18:45:00Z,FC Internazionale Milano,AC Monza,FINISHED,2,0
SA,2023-08-20T16:30:00Z,AS Roma,US Salernitana 1919,FINISHED,2,2
SA,2023-08-20T16:30:00Z,US Sassuolo Calcio,Atalanta BC,FINISHED,0,2
SA,2023-08-20T18:45:00Z,US Lecce,SS Lazio,FINISHED,2,1
SA,2023-08-20T18:45:00Z,Udinese Calcio,Juventus FC,FINISHED,0,3
SA,2023-08-21T16:30:00Z,Torino FC,Cagliari Calcio,FINISHED,0,0
SA,2023-08-21T18:45:00Z,Bologna FC 1909,AC Milan,FINISHED,0,2
SA,2023-08-26T16:30:00Z,Frosinone Calcio,Atalanta BC,FINISHED,2,1
SA,2023-08-26T16:30:00Z,AC Monza,Empoli FC,FINISHED,2,0
SA,2023-08-26T18:45:00Z,Hellas Verona FC,AS Roma,FINISHED,2,1
SA,2023-08-26T18:45:00Z,AC Milan,Torino FC,FINISHED,4,1
SA,2023-08-27T16:30:00Z,ACF Fiorentina,US Lecce,FINISHED,2,2
SA,2023-08-27T16:30:00Z,Juventus FC,Bologna FC 1909,FINISHED,1,1
SA,2023-08-27T18:45:00Z,SS Lazio,Genoa CFC,FINISHED,0,1
SA,2023-08-27T18:45:00Z,SSC Napoli,US Sassuolo Calcio,FINISHED,2,0
SA,2023-08-28T16:30:00Z,US Salernitana 1919,Udinese Calcio,FINISHED,1,1
SA,2023-08-28T18:45:00Z,Cagliari Calcio,FC Internazionale Milano,FINISHED,0,2
SA,2023-09-01T16:30:00Z,US Sassuolo Calcio,Hellas Verona FC,FINISHED,3,1
SA,2023-09-01T18:45:00Z,AS Roma,AC Milan,FINISHED,1,2
SA,2023-09-02T16:30:00Z,Bologna FC 1909,Cagliari Calcio,FINISHED,2,1
SA,2023-09-02T16:30:00Z,Udinese Calcio,Frosinone Calcio,FINISHED,0,0
SA,2023-09-02T18:45:00Z,Atalanta BC,AC Monza,FINISHED,3,0
SA,2023-09-02T18:45:00Z,SSC Napoli,SS Lazio,FINISHED,1,2
SA,2023-09-03T16:30:00Z,FC Internazionale Milano,ACF Fiorentina,FINISHED,4,0
SA,2023-09-03T16:30:00Z,Torino FC,Genoa CFC,FINISHED,1,0
SA,2023-09-03T18:45:00Z,Empoli FC,Juventus FC,FINISHED,0,2
SA,2023-09-03T18:45:00Z,US Lecce,US Salernitana 1919,FINISHED,2,0
SA,2023-09-16T13:00:00Z,Juventus FC,SS Lazio,FINISHED,3,1
SA,2023-09-16T16:00:00Z,FC Internazionale Milano,AC Milan,FINISHED,5,1
SA,2023-09-16T18:45:00Z,Genoa CFC,SSC Napoli,FINISHED,2,2
SA,2023-09-17T10:30:00Z,Cagliari Calcio,Udinese Calcio,FINISHED,0,0
SA,2023-09-17T13:00:00Z,Frosinone Calcio,US Sassuolo Calcio,FINISHED,4,2
SA,2023-09-17T13:00:00Z,AC Monza,US Lecce,FINISHED,1,1
SA,2023-09-17T16:00:00Z,ACF Fiorentina,Atalanta BC,FINISHED,3,2
SA,2023-09-17T18:45:00Z,AS Roma,Empoli FC,FINISHED,7,0
SA,2023-09-18T16:30:00Z,US Salernitana 1919,Torino FC,FINISHED,0,3
SA,2023-09-18T18:45:00Z,Hellas Verona FC,Bologna FC 1909,FINISHED,0,0
SA,2023-09-22T16:30:00Z,US Salernitana 1919,Frosinone Calcio,FINISHED,1,1
SA,2023-09-22T18:45:00Z,US Lecce,Genoa CFC,FINISHED,1,0
SA,2023-09-23T13:00:00Z,AC Milan,Hellas Verona FC,FINISHED,1,0
SA,2023-09-23T16:00:00Z,US Sassuolo Calcio,Juventus FC,FINISHED,4,2
SA,2023-09-23T18:45:00Z,SS Lazio,AC Monza,FINISHED,1,1
SA,2023-09-24T10:30:00Z,Empoli FC,FC Internazionale Milano,FINISHED,0,1
SA,2023-09-24T13:00:00Z,Atalanta BC,Cagliari Calcio,FINISHED,2,0
SA,2023-09-24T13:00:00Z,Udinese Calcio,ACF Fiorentina,FINISHED,0,2
SA,2023-09-24T16:00:00Z,Bologna FC 1909,SSC Napoli,FINISHED,0,0
SA,2023-09-24T18:45:00Z,Torino FC,AS Roma,FINISHED,1,1
SA,2023-09-26T18:45:00Z,Juventus FC,US Lecce,FINISHED,1,0
SA,2023-09-27T16:30:00Z,Cagliari Calcio,AC Milan,FINISHED,1,3
SA,2023-09-27T16:30:00Z,Empoli FC,US Salernitana 1919,FINISHED,1,0
SA,2023-09-27T16:30:00Z,Hellas Verona FC,Atalanta BC,FINISHED,0,1
SA,2023-09-27T18:45:00Z,FC Internazionale Milano,US Sassuolo Calcio,FINISHED,1,2
SA,2023-09-27T18:45:00Z,SS Lazio,Torino FC,FINISHED,2,0
SA,2023-09-27T18:45:00Z,SSC Napoli,Udinese Calcio,FINISHED,4,1
SA,2023-09-28T16:30:00Z,Frosinone Calcio,ACF Fiorentina,FINISHED,1,1
SA,2023-09-28T16:30:00Z,AC Monza,Bologna FC 1909,FINISHED,0,0
SA,2023-09-28T18:45:00Z,Genoa CFC,AS Roma,FINISHED,4,1
SA,2023-09-30T13:00:00Z,US Lecce,SSC Napoli,FINISHED,0,4
SA,2023-09-30T16:00:00Z,AC Milan,SS Lazio,FINISHED,2,0
SA,2023-09-30T18:45:00Z,US Salernitana 1919,FC Internazionale Milano,FINISHED,0,4
SA,2023-10-01T10:30:00Z,Bologna FC 1909,Empoli FC,FINISHED,3,0
SA,2023-10-01T13:00:00Z,Udinese Calcio,Genoa CFC,FINISHED,2,2
SA,2023-10-01T16:00:00Z,Atalanta BC,Juventus FC,FINISHED,0,0
SA,2023-10-01T18:45:00Z,AS Roma,Frosinone Calcio,FINISHED,2,0
SA,2023-10-02T16:30:00Z,US Sassuolo Calcio,AC Monza,FINISHED,0,1
SA,2023-10-02T16:30:00Z,Torino FC,Hellas Verona FC,FINISHED,0,0
SA,2023-10-02T18:45:00Z,ACF Fiorentina,Cagliari Calcio,FINISHED,3,0
SA,2023-10-06T16:30:00Z,Empoli FC,Udinese Calcio,FINISHED,0,0
SA,2023-10-06T18:45:00Z,US Lecce,US Sassuolo Calcio,FINISHED,1,1
SA,2023-10-07T13:00:00Z,FC Internazionale Milano,Bologna FC 1909,FINISHED,2,2
SA,2023-10-07T16:00:00Z,Juventus FC,Torino FC,FINISHED,2,0
SA,2023-10-07T18:45:00Z,Genoa CFC,AC Milan,FINISHED,0,1
SA,2023-10-08T10:30:00Z,AC Monza,US Salernitana 1919,FINISHED,3,0
SA,2023-10-08T13:00:00Z,Frosinone Calcio,Hellas Verona FC,FINISHED,2,1
SA,2023-10-08T13:00:00Z,SS Lazio,Atalanta BC,FINISHED,3,2
SA,2023-10-08T16:00:00Z,Cagliari Calcio,AS Roma,FINISHED,1,4
SA,2023-10-08T18:45:00Z,SSC Napoli,ACF Fiorentina,FINISHED,1,3
SA,2023-10-21T13:00:00Z,Hellas Verona FC,SSC Napoli,FINISHED,1,3
SA,2023-10-21T16:00:00Z,Torino FC,FC Internazionale Milano,FINISHED,0,3
SA,2023-10-21T18:45:00Z,US Sassuolo Calcio,SS Lazio,FINISHED,0,2
SA,2023-10-22T10:30:00Z,AS Roma,AC Monza,FINISHED,1,0
SA,2023-10-22T13:00:00Z,Bologna FC 1909,Frosinone Calcio,FINISHED,2,1
SA,2023-10-22T13:00:00Z,US Salernitana 1919,Cagliari Calcio,FINISHED,2,2
SA,2023-10-22T16:00:00Z,Atalanta BC,Genoa CFC,FINISHED,2,0
SA,2023-10-22T18:45:00Z,AC Milan,Juventus FC,FINISHED,0,1
SA,2023-10-23T16:30:00Z,Udinese Calcio,US Lecce,FINISHED,1,1
SA,2023-10-23T18:45:00Z,ACF Fiorentina,Empoli FC,FINISHED,0,2
SA,2023-10-27T18:45:00Z,Genoa CFC,US Salernitana 1919,FINISHED,1,0
SA,2023-10-28T13:00:00Z,US Sassuolo Calcio,Bologna FC 1909,FINISHED,1,1
SA,2023-10-28T16:00:00Z,US Lecce,Torino FC,FINISHED,0,1
SA,2023-10-28T18:45:00Z,Juventus FC,Hellas Verona FC,FINISHED,1,0
SA,2023-10-29T11:30:00Z,Cagliari Calcio,Frosinone Calcio,FINISHED,4,3
SA,2023-10-29T14:00:00Z,AC Monza,Udinese Calcio,FINISHED,1,1
SA,2023-10-29T17:00:00Z,FC Internazionale Milano,AS Roma,FINISHED,1,0
SA,2023-10-29T19:45:00Z,SSC Napoli,AC Milan,FINISHED,2,2
SA,2023-10-30T17:30:00Z,Empoli FC,Atalanta BC,FINISHED,0,3
SA,2023-10-30T19:45:00Z,SS Lazio,ACF Fiorentina,FINISHED,1,0
SA,2023-11-03T19:45:00Z,Bologna FC 1909,SS Lazio,FINISHED,1,0
SA,2023-11-04T14:00:00Z,US Salernitana 1919,SSC Napoli,FINISHED,0,2
SA,2023-11-04T17:00:00Z,Atalanta BC,FC Internazionale Milano,FINISHED,1,2
SA,2023-11-04T19:45:00Z,AC Milan,Udinese Calcio,FINISHED,0,1
SA,2023-11-05T11:30:00Z,Hellas Verona FC,AC Monza,FINISHED,1,3
SA,2023-11-05T14:00:00Z,Cagliari Calcio,Genoa CFC,FINISHED,2,1
SA,2023-11-05T17:00:00Z,AS Roma,US Lecce,FINISHED,2,1
SA,2023-11-05T19:45:00Z,ACF Fiorentina,Juventus FC,FINISHED,0,1
SA,2023-11-06T17:30:00Z,Frosinone Calcio,Empoli FC,FINISHED,2,1
SA,2023-11-06T19:45:00Z,Torino FC,US Sassuolo Calcio,FINISHED,2,1
SA,2023-11-10T17:30:00Z,US Sassuolo Calcio,US Salernitana 1919,FINISHED,2,2
SA,2023-11-10T19:45:00Z,Genoa CFC,Hellas Verona FC,FINISHED,1,0
SA,2023-11-11T14:00:00Z,US Lecce,AC Milan,FINISHED,2,2
SA,2023-11-11T17:00:00Z,Juventus FC,Cagliari Calcio,FINISHED,2,1
SA,2023-11-11T19:45:00Z,AC Monza,Torino FC,FINISHED,1,1
SA,2023-11-12T11:30:00Z,SSC Napoli,Empoli FC,FINISHED,0,1
SA,2023-11-12T14:00:00Z,ACF Fiorentina,Bologna FC 1909,FINISHED,2,1
SA,2023-11-12T14:00:00Z,Udinese Calcio,Atalanta BC,FINISHED,1,1
SA,2023-11-12T17:00:00Z,SS Lazio,AS Roma,FINISHED,0,0
SA,2023-11-12T19:45:00Z,FC Internazionale Milano,Frosinone Calcio,FINISHED,2,0
SA,2023-11-25T14:00:00Z,US Salernitana 1919,SS Lazio,FINISHED,2,1
SA,2023-11-25T17:00:00Z,Atalanta BC,SSC Napoli,FINISHED,1,2
SA,2023-11-25T19:45:00Z,AC Milan,ACF Fiorentina,FINISHED,1,0
SA,2023-11-26T11:30:00Z,Cagliari Calcio,AC Monza,FINISHED,1,1
SA,2023-11-26T14:00:00Z,Empoli FC,US Sassuolo Calcio,FINISHED,3,4
SA,2023-11-26T14:00:00Z,Frosinone Calcio,Genoa CFC,FINISHED,2,1
SA,2023-11-26T17:00:00Z,AS Roma,Udinese Calcio,FINISHED,3,1
SA,2023-11-26T19:45:00Z,Juventus FC,FC Internazionale Milano,FINISHED,1,1
SA,2023-11-27T17:30:00Z,Hellas Verona FC,US Lecce,FINISHED,2,2
SA,2023-11-27T19:45:00Z,Bologna FC 1909,Torino FC,FINISHED,2,0
SA,2023-12-01T19:45:00Z,AC Monza,Juventus FC,FINISHED,1,2
SA,2023-12-02T14:00:00Z,Genoa CFC,Empoli FC,FINISHED,1,1
SA,2023-12-02T17:00:00Z,SS Lazio,Cagliari Calcio,FINISHED,1,0
SA,2023-12-02T19:45:00Z,AC Milan,Frosinone Calcio,FINISHED,3,1
SA,2023-12-03T11:30:00Z,US Lecce,Bologna FC 1909,FINISHED,1,1
SA,2023-12-03T14:00:00Z,ACF Fiorentina,US Salernitana 1919,FINISHED,3,0
SA,2023-12-03T14:00:00Z,Udinese Calcio,Hellas Verona FC,FINISHED,3,3
SA,2023-12-03T17:00:00Z,US Sassuolo Calcio,AS Roma,FINISHED,1,2
SA,2023-12-03T19:45:00Z,SSC Napoli,FC Internazionale Milano,FINISHED,0,3
SA,2023-12-04T19:45:00Z,Torino FC,Atalanta BC,FINISHED,3,0
SA,2023-12-08T19:45:00Z,Juventus FC,SSC Napoli,FINISHED,1,0
SA,2023-12-09T14:00:00Z,Hellas Verona FC,SS Lazio,FINISHED,1,1
SA,2023-12-09T17:00:00Z,Atalanta BC,AC Milan,FINISHED,3,2
SA,2023-12-09T19:45:00Z,FC Internazionale Milano,Udinese Calcio,FINISHED,4,0
SA,2023-12-10T11:30:00Z,Frosinone Calcio,Torino FC,FINISHED,0,0
SA,2023-12-10T14:00:00Z,AC Monza,Genoa CFC,FINISHED,1,0
SA,2023-12-10T17:00:00Z,US Salernitana 1919,Bologna FC 1909,FINISHED,1,2
SA,2023-12-10T19:45:00Z,AS Roma,ACF Fiorentina,FINISHED,1,1
SA,2023-12-11T17:30:00Z,Empoli FC,US Lecce,FINISHED,1,1
SA,2023-12-11T19:45:00Z,Cagliari Calcio,US Sassuolo Calcio,FINISHED,2,1
SA,2023-12-15T19:45:00Z,Genoa CFC,Juventus FC,FINISHED,1,1
SA,2023-12-16T14:00:00Z,US Lecce,Frosinone Calcio,FINISHED,2,1
SA,2023-12-16T17:30:00Z,SSC Napoli,Cagliari Calcio,FINISHED,2,1
SA,2023-12-16T19:45:00Z,Torino FC,Empoli FC,FINISHED,1,0
SA,2023-12-17T11:30:00Z,AC Milan,AC Monza,FINISHED,3,0
SA,2023-12-17T14:00:00Z,ACF Fiorentina,Hellas Verona FC,FINISHED,1,0
SA,2023-12-17T14:00:00Z,Udinese Calcio,US Sassuolo Calcio,FINISHED,2,2
SA,2023-12-17T17:00:00Z,Bologna FC 1909,AS Roma,FINISHED,2,0
SA,2023-12-17T19:45:00Z,SS Lazio,FC Internazionale Milano,FINISHED,0,2
SA,2023-12-18T19:45:00Z,Atalanta BC,US Salernitana 1919,FINISHED,4,1
SA,2023-12-22T17:30:00Z,US Sassuolo Calcio,Genoa CFC,FINISHED,1,2
SA,2023-12-22T17:30:00Z,Empoli FC,SS Lazio,FINISHED,0,2
SA,2023-12-22T19:45:00Z,AC Monza,ACF Fiorentina,FINISHED,0,1
SA,2023-12-22T19:45:00Z,US Salernitana 1919,AC Milan,FINISHED,2,2
SA,2023-12-23T11:30:00Z,Frosinone Calcio,Juventus FC,FINISHED,1,2
SA,2023-12-23T14:00:00Z,Torino FC,Udinese Calcio,FINISHED,1,1
SA,2023-12-23T14:00:00Z,Bologna FC 1909,Atalanta BC,FINISHED,1,0
SA,2023-12-23T17:00:00Z,Hellas Verona FC,Cagliari Calcio,FINISHED,2,0
SA,2023-12-23T17:00:00Z,FC Internazionale Milano,US Lecce,FINISHED,2,0
SA,2023-12-23T19:45:00Z,AS Roma,SSC Napoli,FINISHED,2,0
SA,2023-12-29T17:30:00Z,ACF Fiorentina,Torino FC,FINISHED,1,0
SA,2023-12-29T17:30:00Z,SSC Napoli,AC Monza,FINISHED,0,0
SA,2023-12-29T19:45:00Z,Genoa CFC,FC Internazionale Milano,FINISHED,1,1
SA,2023-12-29T19:45:00Z,SS Lazio,Frosinone Calcio,FINISHED,3,1
SA,2023-12-30T11:30:00Z,Atalanta BC,US Lecce,FINISHED,1,0
SA,2023-12-30T14:00:00Z,Cagliari Calcio,Empoli FC,FINISHED,0,0
SA,2023-12-30T14:00:00Z,Udinese Calcio,Bologna FC 1909,FINISHED,3,0
SA,2023-12-30T17:00:00Z,Hellas Verona FC,US Salernitana 1919,FINISHED,0,1
SA,2023-12-30T17:00:00Z,AC Milan,US Sassuolo Calcio,FINISHED,1,0
SA,2023-12-30T19:45:00Z,Juventus FC,AS Roma,FINISHED,1,0
SA,2024-01-05T19:45:00Z,Bologna FC 1909,Genoa CFC,FINISHED,1,1
SA,2024-01-06T11:30:00Z,FC Internazionale Milano,Hellas Verona FC,FINISHED,2,1
SA,2024-01-06T14:00:00Z,Frosinone Calcio,AC Monza,FINISHED,2,3
SA,2024-01-06T17:00:00Z,US Lecce,Cagliari Calcio,FINISHED,1,1
SA,2024-01-06T19:45:00Z,US Sassuolo Calcio,ACF Fiorentina,FINISHED,1,0
SA,2024-01-07T11:30:00Z,Empoli FC,AC Milan,FINISHED,0,3
SA,2024-01-07T14:00:00Z,Torino FC,SSC Napoli,FINISHED,3,0
SA,2024-01-07T14:00:00Z,Udinese Calcio,SS Lazio,FINISHED,1,2
SA,2024-01-07T17:00:00Z,US Salernitana 1919,Juventus FC,FINISHED,1,2
SA,2024-01-07T19:45:00Z,AS Roma,Atalanta BC,FINISHED,1,1
SA,2024-01-13T14:00:00Z,Genoa CFC,Torino FC,FINISHED,0,0
SA,2024-01-13T14:00:00Z,SSC Napoli,US Salernitana 1919,FINISHED,2,1
SA,2024-01-13T17:00:00Z,Hellas Verona FC,Empoli FC,FINISHED,2,1
SA,2024-01-13T19:45:00Z,AC Monza,FC Internazionale Milano,FINISHED,1,5
SA,2024-01-14T11:30:00Z,SS Lazio,US Lecce,FINISHED,1,0
SA,2024-01-14T14:00:00Z,Cagliari Calcio,Bologna FC 1909,FINISHED,2,1
SA,2024-01-14T17:00:00Z,ACF Fiorentina,Udinese Calcio,FINISHED,2,2
SA,2024-01-14T19:45:00Z,AC Milan,AS Roma,FINISHED,3,1
SA,2024-01-15T19:45:00Z,Atalanta BC,Frosinone Calcio,FINISHED,5,0
SA,2024-01-16T19:45:00Z,Juventus FC,US Sassuolo Calcio,FINISHED,3,0
SA,2024-01-20T17:00:00Z,AS Roma,Hellas Verona FC,FINISHED,2,1
SA,2024-01-20T19:45:00Z,Udinese Calcio,AC Milan,FINISHED,2,3
SA,2024-01-21T11:30:00Z,Frosinone Calcio,Cagliari Calcio,FINISHED,3,1
SA,2024-01-21T14:00:00Z,Empoli FC,AC Monza,FINISHED,3,0
SA,2024-01-21T17:00:00Z,US Salernitana 1919,Genoa CFC,FINISHED,1,2
SA,2024-01-21T19:45:00Z,US Lecce,Juventus FC,FINISHED,0,3
SA,2024-01-26T19:45:00Z,Cagliari Calcio,Torino FC,FINISHED,1,2
SA,2024-01-27T14:00:00Z,Atalanta BC,Udinese Calcio,FINISHED,2,0
SA,2024-01-27T17:00:00Z,Juventus FC,Empoli FC,FINISHED,1,1
SA,2024-01-27T19:45:00Z,AC Milan,Bologna FC 1909,FINISHED,2,2
SA,2024-01-28T11:30:00Z,Genoa CFC,US Lecce,FINISHED,2,1
SA,2024-01-28T14:00:00Z,Hellas Verona FC,Frosinone Calcio,FINISHED,1,1
SA,2024-01-28T14:00:00Z,AC Monza,US Sassuolo Calcio,FINISHED,1,0
SA,2024-01-28T17:00:00Z,SS Lazio,SSC Napoli,FINISHED,0,0
SA,2024-01-28T19:45:00Z,ACF Fiorentina,FC Internazionale Milano,FINISHED,0,1
SA,2024-01-29T19:45:00Z,US Salernitana 1919,AS Roma,FINISHED,1,2
SA,2024-02-02T19:45:00Z,US Lecce,ACF Fiorentina,FINISHED,3,2
SA,2024-02-03T14:00:00Z,Empoli FC,Genoa CFC,FINISHED,0,0
SA,2024-02-03T14:00:00Z,Udinese Calcio,AC Monza,FINISHED,0,0
SA,2024-02-03T17:00:00Z,Frosinone Calcio,AC Milan,FINISHED,2,3
SA,2024-02-03T19:45:00Z,Bologna FC 1909,US Sassuolo Calcio,FINISHED,4,2
SA,2024-02-04T11:30:00Z,Torino FC,US Salernitana 1919,FINISHED,0,0
SA,2024-02-04T14:00:00Z,SSC Napoli,Hellas Verona FC,FINISHED,2,1
SA,2024-02-04T17:00:00Z,Atalanta BC,SS Lazio,FINISHED,3,1
SA,2024-02-04T19:45:00Z,FC Internazionale Milano,Juventus FC,FINISHED,1,0
SA,2024-02-05T19:45:00Z,AS Roma,Cagliari Calcio,FINISHED,4,0
SA,2024-02-09T19:45:00Z,US Salernitana 1919,Empoli FC,FINISHED,1,3
SA,2024-02-10T14:00:00Z,Cagliari Calcio,SS Lazio,FINISHED,1,3
SA,2024-02-10T17:00:00Z,AS Roma,FC Internazionale Milano,FINISHED,2,4
SA,2024-02-10T19:45:00Z,US Sassuolo Calcio,Torino FC,FINISHED,1,1
SA,2024-02-11T11:30:00Z,ACF Fiorentina,Frosinone Calcio,FINISHED,5,1
SA,2024-02-11T14:00:00Z,Bologna FC 1909,US Lecce,FINISHED,4,0
SA,2024-02-11T14:00:00Z,AC Monza,Hellas Verona FC,FINISHED,0,0
SA,2024-02-11T17:00:00Z,Genoa CFC,Atalanta BC,FINISHED,1,4
SA,2024-02-11T19:45:00Z,AC Milan,SSC Napoli,FINISHED,1,0
SA,2024-02-12T19:45:00Z,Juventus FC,Udinese Calcio,FINISHED,0,1
SA,2024-02-14T18:00:00Z,Bologna FC 1909,ACF Fiorentina,FINISHED,2,0
SA,2024-02-16T18:00:00Z,Torino FC,US Lecce,FINISHED,2,0
SA,2024-02-16T20:00:00Z,FC Internazionale Milano,US Salernitana 1919,FINISHED,4,0
SA,2024-02-17T14:00:00Z,SSC Napoli,Genoa CFC,FINISHED,1,1
SA,2024-02-17T17:00:00Z,Hellas Verona FC,Juventus FC,FINISHED,2,2
SA,2024-02-17T19:45:00Z,Atalanta BC,US Sassuolo Calcio,FINISHED,3,0
SA,2024-02-18T11:30:00Z,SS Lazio,Bologna FC 1909,FINISHED,1,2
SA,2024-02-18T14:00:00Z,Empoli FC,ACF Fiorentina,FINISHED,1,1
SA,2024-02-18T14:00:00Z,Udinese Calcio,Cagliari Calcio,FINISHED,1,1
SA,2024-02-18T17:00:00Z,Frosinone Calcio,AS Roma,FINISHED,0,3
SA,2024-02-18T19:45:00Z,AC Monza,AC Milan,FINISHED,4,2
SA,2024-02-22T19:45:00Z,Torino FC,SS Lazio,FINISHED,0,2
SA,2024-02-23T19:45:00Z,Bologna FC 1909,Hellas Verona FC,FINISHED,2,0
SA,2024-02-24T14:00:00Z,US Sassuolo Calcio,Empoli FC,FINISHED,2,3
SA,2024-02-24T17:00:00Z,US Salernitana 1919,AC Monza,FINISHED,0,2
SA,2024-02-24T19:45:00Z,Genoa CFC,Udinese Calcio,FINISHED,2,0
SA,2024-02-25T11:30:00Z,Juventus FC,Frosinone Calcio,FINISHED,3,2
SA,2024-02-25T14:00:00Z,Cagliari Calcio,SSC Napoli,FINISHED,1,1
SA,2024-02-25T17:00:00Z,US Lecce,FC Internazionale Milano,FINISHED,0,4
SA,2024-02-25T19:45:00Z,AC Milan,Atalanta BC,FINISHED,1,1
SA,2024-02-26T17:30:00Z,AS Roma,Torino FC,FINISHED,3,2
SA,2024-02-26T19:45:00Z,ACF Fiorentina,SS Lazio,FINISHED,2,1
SA,2024-02-28T17:00:00Z,US Sassuolo Calcio,SSC Napoli,FINISHED,1,6
SA,2024-02-28T19:45:00Z,FC Internazionale Milano,Atalanta BC,FINISHED,4,0
SA,2024-03-01T19:45:00Z,SS Lazio,AC Milan,FINISHED,0,1
SA,2024-03-02T14:00:00Z,Udinese Calcio,US Salernitana 1919,FINISHED,1,1
SA,2024-03-02T17:00:00Z,AC Monza,AS Roma,FINISHED,1,4
SA,2024-03-02T19:45:00Z,Torino FC,ACF Fiorentina,FINISHED,0,0
SA,2024-03-03T11:30:00Z,Hellas Verona FC,US Sassuolo Calcio,FINISHED,1,0
SA,2024-03-03T14:00:00Z,Empoli FC,Cagliari Calcio,FINISHED,0,1
SA,2024-03-03T14:00:00Z,Frosinone Calcio,US Lecce,FINISHED,1,1
SA,2024-03-03T17:00:00Z,Atalanta BC,Bologna FC 1909,FINISHED,1,2
SA,2024-03-03T19:45:00Z,SSC Napoli,Juventus FC,FINISHED,2,1
SA,2024-03-04T19:45:00Z,FC Internazionale Milano,Genoa CFC,FINISHED,2,1
SA,2024-03-08T19:45:00Z,SSC Napoli,Torino FC,FINISHED,1,1
SA,2024-03-09T14:00:00Z,Cagliari Calcio,US Salernitana 1919,FINISHED,4,2
SA,2024-03-09T14:00:00Z,US Sassuolo Calcio,Frosinone Calcio,FINISHED,1,0
SA,2024-03-09T17:00:00Z,Bologna FC 1909,FC Internazionale Milano,FINISHED,0,1
SA,2024-03-09T19:45:00Z,Genoa CFC,AC Monza,FINISHED,2,3
SA,2024-03-10T11:30:00Z,US Lecce,Hellas Verona FC,FINISHED,0,1
SA,2024-03-10T14:00:00Z,AC Milan,Empoli FC,FINISHED,1,0
SA,2024-03-10T17:00:00Z,Juventus FC,Atalanta BC,FINISHED,2,2
SA,2024-03-10T19:45:00Z,ACF Fiorentina,AS Roma,FINISHED,2,2
SA,2024-03-11T19:45:00Z,SS Lazio,Udinese Calcio,FINISHED,1,2
SA,2024-03-15T19:45:00Z,Empoli FC,Bologna FC 1909,FINISHED,0,1
SA,2024-03-16T14:00:00Z,AC Monza,Cagliari Calcio,FINISHED,1,0
SA,2024-03-16T14:00:00Z,Udinese Calcio,Torino FC,FINISHED,0,2
SA,2024-03-16T17:00:00Z,US Salernitana 1919,US Lecce,FINISHED,0,1
SA,2024-03-16T19:45:00Z,Frosinone Calcio,SS Lazio,FINISHED,2,3
SA,2024-03-17T11:30:00Z,Juventus FC,Genoa CFC,FINISHED,0,0
SA,2024-03-17T14:00:00Z,Hellas Verona FC,AC Milan,FINISHED,1,3
SA,2024-03-17T17:00:00Z,AS Roma,US Sassuolo Calcio,FINISHED,1,0
SA,2024-03-17T19:45:00Z,FC Internazionale Milano,SSC Napoli,FINISHED,1,1
SA,2024-03-30T11:30:00Z,SSC Napoli,Atalanta BC,FINISHED,0,3
SA,2024-03-30T14:00:00Z,Genoa CFC,Frosinone Calcio,FINISHED,1,1
SA,2024-03-30T14:00:00Z,Torino FC,AC Monza,FINISHED,1,0
SA,2024-03-30T17:00:00Z,SS Lazio,Juventus FC,FINISHED,1,0
SA,2024-03-30T19:45:00Z,ACF Fiorentina,AC Milan,FINISHED,1,2
SA,2024-04-01T10:30:00Z,Bologna FC 1909,US Salernitana 1919,FINISHED,3,0
SA,2024-04-01T13:00:00Z,Cagliari Calcio,Hellas Verona FC,FINISHED,1,1
SA,2024-04-01T13:00:00Z,US Sassuolo Calcio,Udinese Calcio,FINISHED,1,1
SA,2024-04-01T16:00:00Z,US Lecce,AS Roma,FINISHED,0,0
SA,2024-04-01T18:45:00Z,FC Internazionale Milano,Empoli FC,FINISHED,2,0
SA,2024-04-05T18:45:00Z,US Salernitana 1919,US Sassuolo Calcio,FINISHED,2,2
SA,2024-04-06T13:00:00Z,AC Milan,US Lecce,FINISHED,3,0
SA,2024-04-06T16:00:00Z,AS Roma,SS Lazio,FINISHED,1,0
SA,2024-04-06T18:45:00Z,Empoli FC,Torino FC,FINISHED,3,2
SA,2024-04-07T10:30:00Z,Frosinone Calcio,Bologna FC 1909,FINISHED,0,0
SA,2024-04-07T13:00:00Z,AC Monza,SSC Napoli,FINISHED,2,4
SA,2024-04-07T16:00:00Z,Cagliari Calcio,Atalanta BC,FINISHED,2,1
SA,2024-04-07T16:00:00Z,Hellas Verona FC,Genoa CFC,FINISHED,1,2
SA,2024-04-07T18:45:00Z,Juventus FC,ACF Fiorentina,FINISHED,1,0
SA,2024-04-08T18:45:00Z,Udinese Calcio,FC Internazionale Milano,FINISHED,1,2
SA,2024-04-12T18:45:00Z,SS Lazio,US Salernitana 1919,FINISHED,4,1
SA,2024-04-13T13:00:00Z,US Lecce,Empoli FC,FINISHED,1,0
SA,2024-04-13T16:00:00Z,Torino FC,Juventus FC,FINISHED,0,0
SA,2024-04-13T18:45:00Z,Bologna FC 1909,AC Monza,FINISHED,0,0
SA,2024-04-14T10:30:00Z,SSC Napoli,Frosinone Calcio,FINISHED,2,2
SA,2024-04-14T13:00:00Z,US Sassuolo Calcio,AC Milan,FINISHED,3,3
SA,2024-04-14T18:45:00Z,FC Internazionale Milano,Cagliari Calcio,FINISHED,2,2
SA,2024-04-15T16:30:00Z,ACF Fiorentina,Genoa CFC,FINISHED,1,1
SA,2024-04-15T18:45:00Z,Atalanta BC,Hellas Verona FC,FINISHED,2,2
SA,2024-04-19T16:30:00Z,Genoa CFC,SS Lazio,FINISHED,0,1
SA,2024-04-19T18:45:00Z,Cagliari Calcio,Juventus FC,FINISHED,2,2
SA,2024-04-20T16:00:00Z,Empoli FC,SSC Napoli,FINISHED,1,0
SA,2024-04-20T18:45:00Z,Hellas Verona FC,Udinese Calcio,FINISHED,1,0
SA,2024-04-21T10:30:00Z,US Sassuolo Calcio,US Lecce,FINISHED,0,3
SA,2024-04-21T13:00:00Z,Torino FC,Frosinone Calcio,FINISHED,0,0
SA,2024-04-21T16:00:00Z,US Salernitana 1919,ACF Fiorentina,FINISHED,0,2
SA,2024-04-21T18:45:00Z,AC Monza,Atalanta BC,FINISHED,1,2
SA,2024-04-22T16:30:00Z,AS Roma,Bologna FC 1909,FINISHED,1,3
SA,2024-04-22T18:45:00Z,AC Milan,FC Internazionale Milano,FINISHED,1,2
SA,2024-04-25T18:00:00Z,Udinese Calcio,AS Roma,FINISHED,1,2
SA,2024-04-26T18:45:00Z,Frosinone Calcio,US Salernitana 1919,FINISHED,3,0
SA,2024-04-27T13:00:00Z,US Lecce,AC Monza,FINISHED,1,1
SA,2024-04-27T16:00:00Z,Juventus FC,AC Milan,FINISHED,0,0
SA,2024-04-27T18:45:00Z,SS Lazio,Hellas Verona FC,FINISHED,1,0
SA,2024-04-28T10:30:00Z,FC Internazionale Milano,Torino FC,FINISHED,2,0
SA,2024-04-28T13:00:00Z,Bologna FC 1909,Udinese Calcio,FINISHED,1,1
SA,2024-04-28T16:00:00Z,Atalanta BC,Empoli FC,FINISHED,2,0
SA,2024-04-28T16:00:00Z,SSC Napoli,AS Roma,FINISHED,2,2
SA,2024-04-28T18:45:00Z,ACF Fiorentina,US Sassuolo Calcio,FINISHED,5,1
SA,2024-04-29T18:45:00Z,Genoa CFC,Cagliari Calcio,FINISHED,3,0
SA,2024-05-03T18:45:00Z,Torino FC,Bologna FC 1909,FINISHED,0,0
SA,2024-05-04T16:00:00Z,AC Monza,SS Lazio,FINISHED,2,2
SA,2024-05-04T18:45:00Z,US Sassuolo Calcio,FC Internazionale Milano,FINISHED,1,0
SA,2024-05-05T10:30:00Z,Cagliari Calcio,US Lecce,FINISHED,1,1
SA,2024-05-05T13:00:00Z,Empoli FC,Frosinone Calcio,FINISHED,0,0
SA,2024-05-05T13:00:00Z,Hellas Verona FC,ACF Fiorentina,FINISHED,2,1
SA,2024-05-05T16:00:00Z,AC Milan,Genoa CFC,FINISHED,3,3
SA,2024-05-05T18:45:00Z,AS Roma,Juventus FC,FINISHED,1,1
SA,2024-05-06T16:00:00Z,US Salernitana 1919,Atalanta BC,FINISHED,1,2
SA,2024-05-06T18:45:00Z,Udinese Calcio,SSC Napoli,FINISHED,1,1
SA,2024-05-10T18:45:00Z,Frosinone Calcio,FC Internazionale Milano,FINISHED,0,5
SA,2024-05-11T16:00:00Z,SSC Napoli,Bologna FC 1909,FINISHED,0,2
SA,2024-05-11T18:45:00Z,AC Milan,Cagliari Calcio,FINISHED,5,1
SA,2024-05-12T10:30:00Z,SS Lazio,Empoli FC,FINISHED,2,0
SA,2024-05-12T13:00:00Z,Genoa CFC,US Sassuolo Calcio,FINISHED,2,1
SA,2024-05-12T13:00:00Z,Hellas Verona FC,Torino FC,FINISHED,1,2
SA,2024-05-12T16:00:00Z,Juventus FC,US Salernitana 1919,FINISHED,1,1
SA,2024-05-12T18:45:00Z,Atalanta BC,AS Roma,FINISHED,2,1
SA,2024-05-13T16:30:00Z,US Lecce,Udinese Calcio,FINISHED,0,2
SA,2024-05-13T18:45:00Z,ACF Fiorentina,AC Monza,FINISHED,2,1
SA,2024-05-17T18:45:00Z,ACF Fiorentina,SSC Napoli,FINISHED,2,2
SA,2024-05-18T16:00:00Z,US Lecce,Atalanta BC,FINISHED,0,2
SA,2024-05-18T18:45:00Z,Torino FC,AC Milan,FINISHED,3,1
SA,2024-05-19T10:30:00Z,US Sassuolo Calcio,Cagliari Calcio,FINISHED,0,2
SA,2024-05-19T13:00:00Z,AC Monza,Frosinone Calcio,FINISHED,0,1
SA,2024-05-19T13:00:00Z,Udinese Calcio,Empoli FC,FINISHED,1,1
SA,2024-05-19T16:00:00Z,FC Internazionale Milano,SS Lazio,FINISHED,1,1
SA,2024-05-19T18:45:00Z,AS Roma,Genoa CFC,FINISHED,1,0
SA,2024-05-20T16:30:00Z,US Salernitana 1919,Hellas Verona FC,FINISHED,1,2
SA,2024-05-20T18:45:00Z,Bologna FC 1909,Juventus FC,FINISHED,3,3
SA,2024-05-23T18:45:00Z,Cagliari Calcio,ACF Fiorentina,FINISHED,2,3
SA,2024-05-24T18:45:00Z,Genoa CFC,Bologna FC 1909,FINISHED,2,0
SA,2024-05-25T16:00:00Z,Juventus FC,AC Monza,FINISHED,2,0
SA,2024-05-25T18:45:00Z,AC Milan,US Salernitana 1919,FINISHED,3,3
SA,2024-05-26T16:00:00Z,Atalanta BC,Torino FC,FINISHED,3,0
SA,2024-05-26T16:00:00Z,SSC Napoli,US Lecce,FINISHED,0,0
SA,2024-05-26T18:45:00Z,Empoli FC,AS Roma,FINISHED,2,1
SA,2024-05-26T18:45:00Z,Frosinone Calcio,Udinese Calcio,FINISHED,0,1
SA,2024-05-26T18:45:00Z,Hellas Verona FC,FC Internazionale Milano,FINISHED,2,2
SA,2024-05-26T18:45:00Z,SS Lazio,US Sassuolo Calcio,FINISHED,1,1
SA,2024-06-02T16:00:00Z,Atalanta BC,ACF Fiorentina,FINISHED,2,3
